Temperature,Humidity,WindSpeed,Weather,TimeOfDay,LocationType,Gender,AgeGroup,Outfit
43,67,39,Rainy,Morning,Rural,Female,Child,Raincoat
33,96,20,Winter,Night,Coastal,Female,Adult,Winter Coat
19,35,37,Winter,Night,Rural,Female,Adult,Sweater
12,55,19,Winter,Morning,Coastal,Male,Teen,Coat
25,38,28,Rainy,Morning,Coastal,Female,Child,Raincoat
43,13,3,Cloudy,Morning,Rural,Male,Child,T-shirt
23,90,6,Winter,Morning,Rural,Male,Child,Jacket
27,22,27,Winter,Afternoon,Coastal,Male,Senior,Sweater
15,48,27,Sunny,Afternoon,Rural,Male,Teen,Shirt with Jeans
15,24,3,Winter,Morning,Urban,Male,Teen,Jacket
28,38,21,Cloudy,Night,Rural,Male,Teen,Kurta
40,38,11,Cloudy,Afternoon,Rural,Male,Senior,T-shirt
44,84,2,Sunny,Night,Urban,Male,Child,Vest
28,41,21,Winter,Evening,Rural,Female,Child,Woolen Kurti
7,11,1,Winter,Night,Rural,Female,Child,Sweater
26,56,23,Winter,Morning,Coastal,Male,Teen,Coat
6,87,33,Rainy,Evening,Rural,Male,Teen,Jacket
28,93,26,Winter,Afternoon,Rural,Male,Adult,Jacket
34,31,0,Cloudy,Afternoon,Urban,Female,Senior,Kurti with Leggings
42,84,7,Cloudy,Evening,Coastal,Female,Senior,Sleeveless Top
6,36,22,Rainy,Night,Coastal,Male,Teen,Coat
25,76,37,Rainy,Afternoon,Coastal,Male,Adult,Raincoat
37,90,5,Winter,Morning,Rural,Female,Child,Woolen Kurti
16,65,21,Sunny,Evening,Coastal,Female,Teen,Kurti with Leggings
26,30,24,Rainy,Morning,Urban,Male,Senior,Raincoat
29,56,17,Rainy,Evening,Coastal,Male,Senior,Raincoat
31,89,16,Winter,Afternoon,Urban,Male,Senior,Sweater
32,68,11,Winter,Night,Coastal,Male,Child,Jacket
20,93,5,Rainy,Evening,Coastal,Female,Senior,Raincoat
19,15,25,Sunny,Evening,Urban,Female,Child,Kurti with Leggings
7,28,26,Rainy,Morning,Coastal,Male,Child,Sweater
41,66,7,Winter,Afternoon,Coastal,Male,Child,Coat
11,78,18,Winter,Morning,Coastal,Male,Teen,Sweater
25,12,0,Rainy,Afternoon,Rural,Female,Child,Raincoat
13,10,28,Sunny,Morning,Urban,Male,Adult,Coat
43,67,34,Rainy,Evening,Coastal,Male,Senior,Raincoat
22,47,39,Rainy,Morning,Urban,Male,Teen,Raincoat
8,24,13,Winter,Night,Urban,Female,Senior,Sweater
29,43,34,Sunny,Afternoon,Urban,Male,Child,Kurta
18,70,19,Cloudy,Afternoon,Coastal,Female,Teen,Kurti with Leggings
13,44,12,Sunny,Evening,Coastal,Male,Adult,Sweater
30,73,37,Rainy,Afternoon,Urban,Male,Child,Raincoat
6,34,7,Rainy,Night,Rural,Male,Senior,Coat
24,33,19,Rainy,Morning,Urban,Female,Adult,Raincoat
32,21,32,Sunny,Evening,Rural,Male,Child,Kurta
11,27,25,Winter,Night,Urban,Male,Adult,Jacket
12,24,38,Rainy,Afternoon,Urban,Female,Child,Woolen Kurti
39,89,20,Rainy,Afternoon,Urban,Female,Teen,Raincoat
18,36,8,Sunny,Night,Coastal,Female,Child,Salwar Suit
21,81,23,Cloudy,Morning,Rural,Male,Teen,Shirt with Jeans
40,69,36,Cloudy,Morning,Rural,Female,Child,Summer Dress
44,55,16,Winter,Evening,Urban,Male,Child,Sweater
8,98,23,Winter,Afternoon,Coastal,Female,Senior,Woolen Kurti
6,26,20,Rainy,Night,Coastal,Female,Adult,Sweater
10,62,38,Sunny,Morning,Rural,Female,Adult,Winter Coat
8,17,38,Rainy,Evening,Coastal,Male,Adult,Sweater
33,88,12,Winter,Afternoon,Rural,Male,Child,Sweater
22,36,10,Sunny,Afternoon,Rural,Male,Child,Shirt with Jeans
30,55,18,Sunny,Evening,Rural,Male,Child,Shirt with Jeans
38,59,10,Winter,Evening,Coastal,Male,Teen,Jacket
14,80,12,Cloudy,Morning,Rural,Male,Teen,Jacket
40,12,0,Cloudy,Night,Rural,Male,Senior,Shorts
18,73,39,Sunny,Afternoon,Urban,Male,Child,Kurta
35,53,18,Rainy,Night,Rural,Male,Adult,Raincoat
19,62,11,Cloudy,Afternoon,Rural,Female,Adult,Kurti with Leggings
12,33,7,Rainy,Afternoon,Urban,Female,Senior,Sweater
18,69,7,Cloudy,Night,Urban,Male,Adult,Kurta
27,12,11,Cloudy,Evening,Coastal,Male,Senior,Kurta
44,29,32,Rainy,Morning,Rural,Male,Child,Raincoat
25,55,25,Winter,Afternoon,Coastal,Male,Adult,Sweater
20,24,38,Cloudy,Evening,Coastal,Female,Child,Kurti with Leggings
22,34,27,Cloudy,Afternoon,Urban,Female,Teen,Kurti with Leggings
28,87,4,Rainy,Morning,Coastal,Male,Adult,Raincoat
30,80,7,Winter,Afternoon,Rural,Female,Teen,Woolen Kurti
29,26,24,Cloudy,Morning,Urban,Female,Adult,Salwar Suit
33,93,26,Cloudy,Morning,Rural,Male,Child,T-shirt
19,18,22,Winter,Afternoon,Rural,Male,Senior,Jacket
5,47,29,Cloudy,Afternoon,Urban,Male,Child,Coat
29,57,22,Winter,Morning,Rural,Male,Child,Jacket
11,69,19,Winter,Evening,Urban,Female,Child,Winter Coat
13,72,17,Rainy,Night,Rural,Male,Adult,Coat
28,95,17,Sunny,Morning,Urban,Female,Senior,Top with Jeans
5,11,1,Winter,Afternoon,Coastal,Male,Teen,Sweater
12,97,3,Rainy,Afternoon,Rural,Female,Child,Winter Coat
28,81,29,Sunny,Evening,Urban,Male,Adult,Shirt with Jeans
15,20,32,Cloudy,Night,Rural,Male,Teen,T-shirt
21,73,35,Sunny,Morning,Rural,Female,Child,Salwar Suit
12,86,17,Winter,Morning,Rural,Female,Teen,Winter Coat
39,90,36,Winter,Night,Urban,Female,Child,Woolen Kurti
39,81,18,Winter,Morning,Coastal,Male,Teen,Jacket
37,30,27,Winter,Night,Coastal,Female,Teen,Sweater
9,27,39,Winter,Afternoon,Coastal,Female,Senior,Winter Coat
43,73,19,Rainy,Night,Urban,Female,Senior,Raincoat
32,91,32,Winter,Morning,Coastal,Female,Child,Winter Coat
11,47,11,Rainy,Night,Urban,Female,Adult,Woolen Kurti
13,41,14,Cloudy,Evening,Rural,Female,Senior,Sweater
12,20,38,Winter,Afternoon,Rural,Female,Teen,Winter Coat
16,54,1,Winter,Afternoon,Coastal,Female,Senior,Woolen Kurti
38,98,28,Sunny,Night,Urban,Female,Senior,Kurti
37,42,9,Cloudy,Morning,Rural,Male,Child,T-shirt
27,50,1,Winter,Evening,Urban,Male,Senior,Sweater
28,17,10,Winter,Afternoon,Urban,Female,Senior,Winter Coat
41,20,12,Cloudy,Afternoon,Rural,Male,Teen,Vest
39,95,9,Rainy,Morning,Urban,Male,Senior,Raincoat
44,60,13,Winter,Morning,Rural,Female,Teen,Sweater
26,97,17,Sunny,Evening,Rural,Female,Senior,Kurti with Leggings
31,50,8,Winter,Night,Rural,Female,Senior,Sweater
39,26,38,Sunny,Morning,Urban,Female,Adult,Summer Dress
5,85,27,Sunny,Night,Rural,Female,Senior,Sweater
39,55,2,Winter,Evening,Urban,Female,Teen,Winter Coat
41,41,19,Winter,Night,Rural,Male,Teen,Coat
18,88,5,Sunny,Afternoon,Rural,Female,Child,Kurti with Leggings
7,89,26,Cloudy,Night,Coastal,Male,Child,Sweater
5,63,1,Cloudy,Evening,Coastal,Female,Adult,Sweater
9,95,28,Winter,Evening,Coastal,Female,Teen,Winter Coat
30,29,37,Rainy,Evening,Urban,Male,Teen,Raincoat
18,42,2,Cloudy,Night,Urban,Female,Teen,Kurti with Leggings
43,83,15,Winter,Afternoon,Rural,Female,Adult,Woolen Kurti
31,49,29,Cloudy,Morning,Rural,Male,Teen,Shirt with Jeans
13,41,39,Rainy,Afternoon,Rural,Female,Child,Woolen Kurti
19,11,1,Winter,Night,Rural,Male,Adult,Sweater
19,42,16,Rainy,Night,Urban,Female,Child,Raincoat
30,86,11,Winter,Morning,Rural,Female,Child,Winter Coat
17,39,34,Rainy,Night,Rural,Male,Adult,Raincoat
36,42,0,Cloudy,Evening,Coastal,Female,Senior,Sleeveless Top
43,86,14,Cloudy,Evening,Rural,Male,Senior,Shorts
36,35,25,Rainy,Evening,Rural,Male,Child,Raincoat
8,31,36,Rainy,Evening,Rural,Male,Senior,Jacket
34,75,20,Rainy,Evening,Urban,Female,Teen,Raincoat
41,47,30,Winter,Night,Coastal,Female,Adult,Woolen Kurti
27,99,24,Cloudy,Morning,Rural,Male,Child,Kurta
43,55,22,Winter,Morning,Rural,Female,Teen,Woolen Kurti
19,24,23,Cloudy,Evening,Coastal,Female,Senior,Top with Jeans
33,53,37,Sunny,Night,Rural,Female,Teen,Kurti with Leggings
40,58,27,Winter,Afternoon,Urban,Male,Senior,Sweater
17,84,20,Cloudy,Afternoon,Rural,Female,Child,Top with Jeans
36,70,17,Cloudy,Night,Urban,Male,Teen,Shorts
11,76,35,Winter,Evening,Urban,Female,Adult,Sweater
26,15,34,Winter,Morning,Rural,Female,Child,Sweater
32,18,8,Cloudy,Night,Coastal,Male,Teen,T-shirt
6,15,37,Winter,Afternoon,Urban,Female,Teen,Winter Coat
10,82,29,Rainy,Afternoon,Coastal,Male,Senior,Jacket
32,41,33,Winter,Afternoon,Rural,Female,Child,Woolen Kurti
32,50,31,Winter,Evening,Urban,Male,Child,Coat
24,85,2,Winter,Afternoon,Rural,Female,Child,Woolen Kurti
34,17,2,Cloudy,Night,Coastal,Female,Child,Kurti with Leggings
15,81,27,Rainy,Night,Rural,Female,Senior,Raincoat
32,59,14,Sunny,Afternoon,Rural,Male,Adult,Shirt with Jeans
29,71,22,Sunny,Night,Urban,Male,Child,Shirt with Jeans
43,93,39,Rainy,Afternoon,Rural,Male,Senior,Raincoat
37,71,10,Rainy,Afternoon,Rural,Female,Adult,Raincoat
5,16,31,Rainy,Morning,Rural,Male,Adult,Coat
31,84,35,Cloudy,Evening,Urban,Male,Senior,Shirt with Jeans
17,93,32,Sunny,Evening,Coastal,Male,Child,Kurta
7,89,23,Rainy,Morning,Coastal,Male,Adult,Jacket
43,13,38,Cloudy,Morning,Rural,Male,Child,Shorts
10,15,33,Sunny,Evening,Urban,Male,Child,Coat
12,67,27,Winter,Afternoon,Rural,Male,Teen,Sweater
31,31,36,Cloudy,Afternoon,Coastal,Male,Child,T-shirt
13,35,6,Sunny,Evening,Urban,Male,Teen,Sweater
41,12,3,Cloudy,Afternoon,Coastal,Male,Adult,Vest
37,50,36,Sunny,Morning,Coastal,Female,Senior,Sleeveless Top
28,69,0,Sunny,Afternoon,Urban,Female,Teen,Kurti with Leggings
19,23,0,Winter,Afternoon,Urban,Male,Senior,Coat
36,84,19,Cloudy,Night,Rural,Female,Adult,Summer Dress
36,91,18,Rainy,Night,Rural,Female,Child,Raincoat
28,21,28,Winter,Night,Coastal,Male,Adult,Jacket
16,96,9,Winter,Afternoon,Urban,Male,Senior,Jacket
43,21,17,Sunny,Evening,Urban,Male,Adult,Shorts
6,22,27,Rainy,Morning,Rural,Female,Child,Sweater
7,34,34,Cloudy,Afternoon,Coastal,Male,Adult,Jacket
41,54,30,Rainy,Evening,Coastal,Female,Child,Raincoat
21,28,26,Rainy,Afternoon,Rural,Male,Teen,Raincoat
6,64,10,Rainy,Morning,Urban,Female,Senior,Woolen Kurti
6,54,37,Rainy,Afternoon,Rural,Female,Child,Winter Coat
32,17,4,Rainy,Morning,Rural,Male,Child,Raincoat
27,62,7,Sunny,Afternoon,Rural,Male,Adult,Kurta
41,64,33,Sunny,Morning,Rural,Female,Teen,Sleeveless Top
36,41,11,Winter,Afternoon,Urban,Female,Child,Woolen Kurti
37,60,37,Sunny,Morning,Rural,Male,Teen,Vest
5,53,0,Winter,Night,Urban,Male,Teen,Coat
23,91,30,Winter,Afternoon,Rural,Female,Adult,Woolen Kurti
6,79,3,Cloudy,Afternoon,Coastal,Male,Child,Coat
30,27,4,Rainy,Evening,Urban,Female,Adult,Raincoat
36,92,29,Sunny,Evening,Coastal,Male,Senior,T-shirt
10,31,23,Cloudy,Morning,Rural,Male,Senior,Jacket
36,46,2,Sunny,Afternoon,Rural,Male,Child,T-shirt
8,65,10,Winter,Morning,Rural,Female,Teen,Woolen Kurti
15,68,3,Sunny,Night,Urban,Male,Child,Shirt with Jeans
21,12,25,Rainy,Evening,Coastal,Female,Child,Raincoat
42,37,26,Winter,Morning,Urban,Male,Senior,Coat
28,83,26,Winter,Morning,Urban,Female,Senior,Woolen Kurti
9,44,5,Cloudy,Evening,Rural,Female,Teen,Woolen Kurti
38,70,14,Rainy,Afternoon,Coastal,Male,Teen,Raincoat
10,63,29,Winter,Morning,Rural,Female,Child,Woolen Kurti
26,72,36,Rainy,Evening,Urban,Female,Adult,Raincoat
15,88,36,Sunny,Afternoon,Rural,Female,Child,Top with Jeans
20,16,36,Rainy,Night,Coastal,Female,Teen,Raincoat
37,85,34,Winter,Evening,Rural,Male,Adult,Sweater
13,58,22,Cloudy,Morning,Coastal,Male,Senior,Coat
10,94,5,Winter,Night,Coastal,Male,Teen,Sweater
20,40,3,Rainy,Afternoon,Rural,Female,Teen,Raincoat
33,67,17,Rainy,Afternoon,Urban,Female,Adult,Raincoat
7,70,8,Winter,Evening,Rural,Male,Teen,Sweater
24,33,28,Rainy,Evening,Urban,Male,Teen,Raincoat
40,29,12,Sunny,Evening,Urban,Female,Teen,Kurti
23,46,16,Winter,Afternoon,Rural,Male,Teen,Sweater
30,13,31,Cloudy,Night,Urban,Male,Teen,T-shirt
7,29,21,Winter,Afternoon,Urban,Female,Teen,Woolen Kurti
23,69,3,Sunny,Morning,Rural,Male,Teen,T-shirt
24,33,4,Sunny,Afternoon,Rural,Female,Teen,Top with Jeans
36,59,36,Sunny,Morning,Rural,Male,Senior,T-shirt
11,58,12,Sunny,Night,Urban,Female,Teen,Winter Coat
37,60,33,Sunny,Evening,Coastal,Female,Senior,Summer Dress
44,45,21,Cloudy,Evening,Urban,Female,Senior,Sleeveless Top
43,75,22,Rainy,Afternoon,Coastal,Female,Child,Raincoat
22,88,2,Sunny,Evening,Rural,Female,Child,Top with Jeans
44,43,33,Sunny,Night,Coastal,Male,Senior,T-shirt
5,45,31,Winter,Evening,Rural,Male,Senior,Coat
15,15,20,Cloudy,Afternoon,Rural,Male,Teen,Kurta
32,48,20,Cloudy,Night,Coastal,Female,Child,Kurti with Leggings
29,51,10,Rainy,Morning,Rural,Male,Adult,Raincoat
27,67,38,Cloudy,Afternoon,Coastal,Female,Child,Top with Jeans
35,21,3,Winter,Morning,Rural,Female,Senior,Woolen Kurti
34,12,0,Winter,Night,Urban,Male,Senior,Coat
39,27,27,Rainy,Afternoon,Urban,Female,Teen,Raincoat
11,49,23,Winter,Afternoon,Rural,Male,Teen,Coat
20,30,34,Sunny,Night,Rural,Female,Child,Top with Jeans
30,24,12,Sunny,Evening,Coastal,Female,Teen,Top with Jeans
6,35,33,Winter,Afternoon,Urban,Male,Adult,Sweater
5,17,10,Rainy,Afternoon,Coastal,Female,Adult,Sweater
16,96,35,Cloudy,Morning,Rural,Male,Teen,Shirt with Jeans
9,51,16,Rainy,Evening,Rural,Female,Adult,Sweater
41,53,34,Cloudy,Morning,Coastal,Male,Adult,Shorts
36,23,17,Winter,Morning,Rural,Female,Child,Woolen Kurti
13,87,39,Winter,Evening,Urban,Male,Adult,Sweater
39,11,21,Sunny,Evening,Coastal,Male,Senior,Vest
23,46,23,Cloudy,Night,Urban,Female,Senior,Salwar Suit
20,78,18,Rainy,Evening,Urban,Male,Child,Raincoat
7,47,36,Winter,Afternoon,Urban,Female,Teen,Sweater
24,50,38,Rainy,Evening,Coastal,Female,Child,Raincoat
28,71,20,Sunny,Night,Rural,Male,Teen,Kurta
37,69,7,Cloudy,Night,Urban,Male,Teen,T-shirt
28,23,27,Cloudy,Night,Urban,Male,Teen,T-shirt
15,98,4,Winter,Evening,Urban,Male,Teen,Jacket
12,93,16,Cloudy,Evening,Rural,Male,Teen,Coat
40,11,36,Winter,Morning,Rural,Female,Child,Woolen Kurti
42,79,35,Sunny,Morning,Coastal,Male,Teen,Vest
44,26,18,Cloudy,Afternoon,Rural,Female,Adult,Summer Dress
24,98,26,Winter,Morning,Coastal,Male,Adult,Jacket
39,37,33,Rainy,Afternoon,Coastal,Male,Teen,Raincoat
29,75,10,Winter,Night,Coastal,Male,Adult,Jacket
39,44,11,Cloudy,Morning,Coastal,Female,Senior,Sleeveless Top
29,14,20,Sunny,Evening,Coastal,Male,Child,Shirt with Jeans
33,74,10,Cloudy,Morning,Urban,Female,Child,Kurti with Leggings
22,49,38,Cloudy,Afternoon,Rural,Female,Teen,Kurti with Leggings
22,85,27,Winter,Morning,Urban,Female,Teen,Sweater
6,65,4,Rainy,Night,Coastal,Male,Senior,Sweater
39,45,16,Cloudy,Evening,Rural,Female,Teen,Summer Dress
20,54,19,Rainy,Afternoon,Urban,Male,Adult,Raincoat
40,32,11,Winter,Evening,Urban,Female,Senior,Woolen Kurti
37,56,5,Rainy,Evening,Coastal,Male,Adult,Raincoat
8,40,16,Winter,Afternoon,Urban,Female,Child,Woolen Kurti
37,20,18,Sunny,Evening,Urban,Male,Adult,Vest
18,19,25,Rainy,Evening,Urban,Male,Child,Raincoat
25,76,31,Rainy,Morning,Urban,Male,Adult,Raincoat
24,23,5,Sunny,Evening,Urban,Female,Child,Salwar Suit
12,89,35,Rainy,Evening,Coastal,Female,Teen,Woolen Kurti
11,83,37,Sunny,Evening,Coastal,Male,Adult,Sweater
7,19,10,Cloudy,Evening,Urban,Female,Child,Winter Coat
21,85,32,Winter,Afternoon,Coastal,Female,Adult,Winter Coat
37,10,23,Sunny,Night,Coastal,Female,Senior,Summer Dress
16,14,22,Rainy,Morning,Rural,Female,Teen,Raincoat
26,29,14,Sunny,Evening,Urban,Female,Child,Kurti with Leggings
26,17,26,Rainy,Evening,Coastal,Female,Senior,Raincoat
34,52,10,Cloudy,Afternoon,Coastal,Female,Adult,Top with Jeans
42,85,16,Sunny,Night,Urban,Male,Senior,Shorts
42,10,13,Cloudy,Evening,Rural,Male,Adult,T-shirt
12,66,26,Winter,Afternoon,Urban,Female,Teen,Sweater
31,73,17,Rainy,Morning,Rural,Male,Senior,Raincoat
31,93,27,Rainy,Morning,Urban,Male,Teen,Raincoat
38,37,3,Cloudy,Evening,Urban,Male,Child,Vest
25,46,6,Winter,Evening,Urban,Female,Adult,Woolen Kurti
34,56,34,Sunny,Night,Urban,Female,Adult,Kurti with Leggings
37,85,8,Sunny,Night,Rural,Female,Teen,Kurti
32,46,7,Rainy,Evening,Rural,Female,Teen,Raincoat
37,58,16,Cloudy,Afternoon,Coastal,Female,Child,Kurti
9,53,16,Cloudy,Night,Urban,Male,Senior,Coat
23,65,32,Sunny,Evening,Rural,Female,Adult,Kurti with Leggings
8,37,31,Winter,Night,Rural,Male,Adult,Jacket
39,88,7,Winter,Evening,Rural,Female,Child,Sweater
21,15,18,Sunny,Morning,Urban,Male,Child,T-shirt
32,70,37,Sunny,Evening,Coastal,Female,Teen,Salwar Suit
34,29,2,Cloudy,Morning,Rural,Female,Teen,Top with Jeans
33,87,4,Winter,Night,Urban,Female,Senior,Winter Coat
10,11,12,Sunny,Evening,Rural,Female,Child,Woolen Kurti
39,82,30,Sunny,Night,Rural,Female,Senior,Summer Dress
41,46,15,Rainy,Morning,Coastal,Female,Child,Raincoat
28,29,31,Sunny,Evening,Rural,Male,Adult,T-shirt
33,35,21,Sunny,Night,Rural,Female,Child,Salwar Suit
35,38,28,Winter,Morning,Urban,Male,Child,Jacket
39,10,21,Cloudy,Night,Urban,Female,Adult,Kurti
37,44,2,Winter,Afternoon,Coastal,Male,Child,Sweater
25,79,9,Cloudy,Morning,Urban,Male,Senior,Shirt with Jeans
36,68,20,Rainy,Morning,Urban,Male,Teen,Raincoat
27,78,15,Sunny,Morning,Coastal,Male,Teen,Shirt with Jeans
37,42,11,Rainy,Evening,Rural,Male,Senior,Raincoat
7,60,1,Cloudy,Evening,Coastal,Male,Adult,Jacket
22,87,23,Winter,Evening,Urban,Female,Child,Sweater
29,21,34,Winter,Afternoon,Coastal,Male,Senior,Sweater
35,29,29,Rainy,Afternoon,Rural,Female,Teen,Raincoat
7,62,29,Cloudy,Morning,Coastal,Female,Teen,Woolen Kurti
44,97,34,Rainy,Afternoon,Urban,Male,Senior,Raincoat
28,52,18,Rainy,Night,Urban,Male,Teen,Raincoat
36,98,7,Sunny,Morning,Coastal,Female,Senior,Kurti
26,59,25,Rainy,Morning,Rural,Male,Teen,Raincoat
27,38,39,Sunny,Night,Coastal,Male,Senior,Shirt with Jeans
6,66,6,Sunny,Morning,Rural,Male,Child,Coat
31,48,29,Winter,Afternoon,Rural,Male,Child,Jacket
6,65,6,Sunny,Evening,Coastal,Male,Child,Sweater
30,52,2,Sunny,Night,Rural,Male,Child,Shirt with Jeans
21,59,0,Winter,Afternoon,Urban,Male,Teen,Jacket
44,32,35,Rainy,Night,Coastal,Female,Adult,Raincoat
37,53,24,Cloudy,Night,Rural,Male,Senior,Shorts
13,47,36,Cloudy,Morning,Urban,Female,Adult,Woolen Kurti
43,93,0,Cloudy,Morning,Coastal,Female,Teen,Sleeveless Top
33,32,14,Rainy,Afternoon,Urban,Female,Teen,Raincoat
30,54,36,Sunny,Night,Urban,Female,Adult,Top with Jeans
39,61,12,Cloudy,Morning,Urban,Male,Adult,Vest
29,89,39,Rainy,Morning,Rural,Female,Teen,Raincoat
28,59,7,Sunny,Night,Coastal,Female,Teen,Kurti with Leggings
17,17,4,Winter,Afternoon,Coastal,Female,Senior,Sweater
11,94,8,Cloudy,Afternoon,Rural,Female,Child,Woolen Kurti
40,10,0,Sunny,Night,Coastal,Female,Child,Summer Dress
24,17,35,Cloudy,Afternoon,Urban,Male,Senior,Shirt with Jeans
5,38,34,Cloudy,Morning,Coastal,Male,Adult,Sweater
12,14,1,Cloudy,Night,Rural,Female,Teen,Sweater
20,95,39,Sunny,Morning,Urban,Male,Adult,Shirt with Jeans
18,56,22,Rainy,Evening,Rural,Male,Child,Raincoat
16,43,8,Sunny,Evening,Urban,Female,Child,Kurti with Leggings
27,74,33,Cloudy,Afternoon,Urban,Female,Adult,Salwar Suit
19,64,13,Sunny,Evening,Coastal,Female,Child,Top with Jeans
32,99,3,Winter,Morning,Urban,Male,Teen,Coat
38,52,29,Rainy,Evening,Rural,Female,Senior,Raincoat
6,83,30,Sunny,Morning,Coastal,Male,Adult,Coat
36,39,37,Winter,Afternoon,Rural,Male,Teen,Coat
27,91,10,Rainy,Afternoon,Urban,Male,Teen,Raincoat
26,26,34,Winter,Morning,Rural,Female,Child,Woolen Kurti
29,35,7,Rainy,Evening,Rural,Male,Teen,Raincoat
26,17,2,Sunny,Afternoon,Urban,Female,Adult,Kurti with Leggings
26,56,13,Winter,Night,Coastal,Female,Teen,Woolen Kurti
10,85,12,Cloudy,Afternoon,Rural,Female,Senior,Winter Coat
19,81,31,Winter,Evening,Urban,Female,Teen,Woolen Kurti
41,98,33,Rainy,Night,Coastal,Female,Teen,Raincoat
37,55,18,Sunny,Evening,Coastal,Male,Senior,Shorts
12,77,37,Rainy,Morning,Coastal,Male,Teen,Sweater
9,42,15,Winter,Night,Rural,Male,Teen,Coat
43,10,1,Winter,Evening,Rural,Male,Child,Sweater
8,28,39,Cloudy,Night,Rural,Male,Adult,Jacket
10,40,16,Sunny,Evening,Coastal,Female,Child,Winter Coat
36,89,33,Sunny,Night,Rural,Female,Adult,Summer Dress
34,23,15,Winter,Evening,Urban,Male,Senior,Coat
39,62,37,Sunny,Morning,Rural,Male,Senior,T-shirt
44,57,1,Cloudy,Night,Rural,Male,Senior,T-shirt
20,78,1,Rainy,Night,Coastal,Female,Adult,Raincoat
17,99,25,Sunny,Night,Rural,Female,Adult,Kurti with Leggings
34,71,12,Winter,Night,Urban,Female,Adult,Sweater
23,75,30,Rainy,Morning,Coastal,Male,Senior,Raincoat
21,73,33,Rainy,Night,Urban,Male,Adult,Raincoat
23,79,38,Cloudy,Afternoon,Coastal,Male,Teen,Kurta
32,72,2,Winter,Morning,Coastal,Male,Child,Coat
30,82,7,Sunny,Afternoon,Rural,Female,Senior,Top with Jeans
41,42,22,Winter,Night,Urban,Male,Child,Jacket
30,50,13,Rainy,Evening,Coastal,Male,Teen,Raincoat
27,98,26,Winter,Afternoon,Rural,Male,Adult,Jacket
13,57,28,Sunny,Night,Coastal,Female,Child,Sweater
16,22,38,Sunny,Afternoon,Coastal,Female,Teen,Kurti with Leggings
5,82,38,Cloudy,Night,Coastal,Male,Teen,Sweater
5,86,0,Sunny,Night,Coastal,Female,Child,Woolen Kurti
38,40,16,Sunny,Night,Coastal,Female,Senior,Summer Dress
36,84,29,Winter,Evening,Coastal,Female,Child,Woolen Kurti
29,77,12,Winter,Afternoon,Rural,Female,Senior,Sweater
44,13,20,Rainy,Morning,Coastal,Female,Adult,Raincoat
5,28,18,Cloudy,Morning,Urban,Male,Senior,Coat
20,79,18,Winter,Morning,Rural,Male,Adult,Coat
43,91,24,Sunny,Morning,Urban,Male,Child,Vest
9,22,21,Rainy,Night,Coastal,Female,Adult,Sweater
26,32,30,Winter,Afternoon,Urban,Female,Teen,Sweater
33,92,16,Cloudy,Afternoon,Coastal,Female,Adult,Salwar Suit
7,84,22,Cloudy,Evening,Coastal,Female,Senior,Woolen Kurti
16,10,31,Rainy,Afternoon,Rural,Male,Senior,Raincoat
30,97,9,Rainy,Afternoon,Rural,Male,Senior,Raincoat
20,63,9,Rainy,Afternoon,Coastal,Male,Adult,Raincoat
41,80,35,Rainy,Evening,Rural,Male,Senior,Raincoat
26,98,7,Rainy,Morning,Urban,Male,Senior,Raincoat
33,94,19,Sunny,Afternoon,Rural,Male,Teen,Kurta
18,24,31,Sunny,Evening,Rural,Female,Adult,Salwar Suit
32,74,13,Winter,Evening,Urban,Female,Teen,Winter Coat
9,85,27,Cloudy,Night,Rural,Male,Senior,Coat
34,80,23,Sunny,Evening,Coastal,Female,Senior,Salwar Suit
9,24,14,Sunny,Morning,Urban,Male,Senior,Sweater
16,30,21,Sunny,Afternoon,Coastal,Male,Adult,Kurta
20,28,29,Winter,Evening,Urban,Female,Child,Woolen Kurti
30,69,3,Rainy,Morning,Coastal,Male,Senior,Raincoat
30,98,12,Winter,Evening,Coastal,Male,Senior,Sweater
25,42,22,Cloudy,Evening,Rural,Male,Senior,Kurta
43,58,7,Cloudy,Evening,Coastal,Female,Senior,Summer Dress
40,44,17,Cloudy,Evening,Rural,Female,Adult,Sleeveless Top
37,53,11,Cloudy,Evening,Urban,Female,Child,Sleeveless Top
34,99,30,Sunny,Morning,Coastal,Female,Child,Salwar Suit
41,20,13,Sunny,Afternoon,Coastal,Male,Child,Vest
27,81,33,Winter,Afternoon,Urban,Female,Senior,Sweater
14,87,17,Rainy,Afternoon,Urban,Female,Senior,Woolen Kurti
9,83,33,Cloudy,Afternoon,Coastal,Female,Child,Woolen Kurti
40,75,10,Winter,Morning,Urban,Male,Child,Coat
38,55,11,Sunny,Night,Rural,Female,Senior,Sleeveless Top
35,18,14,Sunny,Night,Urban,Female,Senior,Kurti with Leggings
14,12,30,Rainy,Morning,Urban,Male,Teen,Jacket
23,94,28,Rainy,Morning,Coastal,Male,Teen,Raincoat
36,35,25,Rainy,Evening,Rural,Male,Teen,Raincoat
5,81,17,Winter,Evening,Urban,Male,Child,Sweater
9,57,31,Sunny,Evening,Rural,Female,Adult,Woolen Kurti
8,75,21,Sunny,Afternoon,Rural,Male,Senior,Sweater
20,79,37,Rainy,Evening,Rural,Female,Teen,Raincoat
28,37,16,Cloudy,Night,Coastal,Female,Adult,Kurti with Leggings
20,35,22,Rainy,Afternoon,Urban,Female,Senior,Raincoat
6,34,23,Winter,Evening,Coastal,Female,Adult,Woolen Kurti
32,21,7,Rainy,Afternoon,Urban,Female,Child,Raincoat
36,14,5,Rainy,Night,Urban,Male,Child,Raincoat
31,57,4,Winter,Evening,Coastal,Female,Child,Winter Coat
24,46,28,Rainy,Night,Rural,Female,Teen,Raincoat
28,88,27,Sunny,Night,Rural,Female,Senior,Salwar Suit
16,53,10,Cloudy,Night,Urban,Male,Child,T-shirt
39,24,0,Rainy,Evening,Coastal,Female,Teen,Raincoat
37,52,18,Winter,Morning,Rural,Female,Teen,Winter Coat
37,57,8,Cloudy,Evening,Rural,Male,Teen,Vest
41,96,26,Winter,Night,Urban,Female,Teen,Sweater
16,79,33,Cloudy,Evening,Urban,Female,Child,Salwar Suit
7,55,3,Cloudy,Night,Coastal,Male,Teen,Jacket
5,52,35,Rainy,Morning,Urban,Female,Child,Winter Coat
37,30,17,Sunny,Afternoon,Rural,Female,Child,Sleeveless Top
44,32,14,Rainy,Morning,Rural,Female,Teen,Raincoat
14,89,12,Winter,Morning,Rural,Female,Child,Sweater
33,56,18,Winter,Afternoon,Rural,Female,Senior,Sweater
17,24,5,Cloudy,Evening,Coastal,Male,Senior,Shirt with Jeans
16,34,11,Cloudy,Afternoon,Coastal,Male,Adult,Shirt with Jeans
35,45,36,Sunny,Evening,Urban,Male,Senior,Shirt with Jeans
6,84,16,Rainy,Evening,Urban,Female,Child,Winter Coat
39,60,22,Winter,Night,Urban,Female,Child,Sweater
27,24,25,Cloudy,Night,Coastal,Female,Senior,Top with Jeans
21,77,28,Sunny,Afternoon,Rural,Male,Teen,Kurta
30,30,32,Winter,Morning,Urban,Female,Teen,Winter Coat
12,22,26,Cloudy,Afternoon,Rural,Female,Child,Sweater
33,95,24,Winter,Evening,Urban,Female,Teen,Woolen Kurti
30,28,9,Sunny,Night,Urban,Male,Adult,T-shirt
14,43,22,Sunny,Afternoon,Urban,Male,Adult,Coat
30,87,20,Winter,Afternoon,Urban,Female,Senior,Winter Coat
38,77,20,Rainy,Night,Urban,Female,Senior,Raincoat
11,61,12,Winter,Night,Rural,Female,Teen,Winter Coat
8,36,36,Cloudy,Night,Urban,Male,Child,Jacket
15,38,32,Rainy,Evening,Rural,Male,Senior,Raincoat
33,37,23,Cloudy,Night,Coastal,Male,Adult,Shirt with Jeans
40,44,10,Winter,Morning,Urban,Female,Senior,Woolen Kurti
29,17,16,Rainy,Afternoon,Rural,Male,Senior,Raincoat
25,25,3,Cloudy,Night,Coastal,Female,Adult,Kurti with Leggings
40,45,24,Winter,Night,Coastal,Female,Child,Sweater
14,39,29,Winter,Evening,Coastal,Male,Senior,Jacket
41,27,8,Rainy,Evening,Rural,Female,Senior,Raincoat
13,11,20,Winter,Afternoon,Urban,Male,Senior,Coat
28,58,19,Sunny,Morning,Urban,Female,Teen,Kurti with Leggings
39,86,18,Cloudy,Afternoon,Rural,Female,Senior,Kurti
39,13,18,Cloudy,Night,Urban,Male,Adult,T-shirt
40,99,11,Winter,Morning,Rural,Female,Child,Winter Coat
22,98,36,Winter,Morning,Urban,Female,Child,Winter Coat
43,84,16,Sunny,Morning,Coastal,Female,Adult,Sleeveless Top
36,16,36,Rainy,Morning,Urban,Female,Teen,Raincoat
28,83,38,Winter,Afternoon,Rural,Female,Adult,Sweater
27,48,27,Winter,Evening,Rural,Female,Child,Woolen Kurti
36,22,34,Winter,Evening,Coastal,Female,Adult,Sweater
41,40,17,Winter,Night,Rural,Female,Teen,Sweater
16,80,13,Cloudy,Evening,Urban,Male,Child,T-shirt
17,72,34,Winter,Evening,Urban,Male,Teen,Jacket
27,65,6,Cloudy,Evening,Coastal,Female,Adult,Salwar Suit
29,51,12,Winter,Evening,Rural,Female,Senior,Woolen Kurti
39,70,17,Rainy,Night,Coastal,Male,Adult,Raincoat
34,51,36,Sunny,Afternoon,Urban,Female,Teen,Top with Jeans
21,65,12,Rainy,Morning,Coastal,Male,Adult,Raincoat
24,45,35,Winter,Evening,Rural,Male,Senior,Jacket
29,93,30,Winter,Afternoon,Coastal,Male,Teen,Coat
26,77,1,Winter,Evening,Rural,Female,Adult,Winter Coat
17,16,15,Rainy,Evening,Rural,Female,Teen,Raincoat
23,63,8,Winter,Morning,Urban,Female,Teen,Woolen Kurti
40,10,8,Rainy,Morning,Urban,Male,Child,Raincoat
16,53,37,Cloudy,Morning,Urban,Male,Child,Shirt with Jeans
23,54,10,Sunny,Evening,Rural,Male,Teen,Kurta
16,56,21,Sunny,Evening,Coastal,Female,Adult,Salwar Suit
13,22,32,Rainy,Evening,Rural,Male,Adult,Coat
11,31,35,Cloudy,Morning,Urban,Male,Adult,Jacket
32,30,22,Rainy,Night,Urban,Female,Senior,Raincoat
18,95,33,Cloudy,Afternoon,Coastal,Male,Teen,Shirt with Jeans
35,18,8,Winter,Night,Urban,Male,Teen,Jacket
23,35,23,Cloudy,Evening,Urban,Female,Senior,Salwar Suit
20,18,7,Cloudy,Evening,Urban,Female,Teen,Salwar Suit
9,24,6,Cloudy,Night,Coastal,Male,Teen,Jacket
39,19,35,Sunny,Evening,Rural,Female,Senior,Summer Dress
16,97,17,Cloudy,Afternoon,Urban,Male,Child,Kurta
29,51,2,Winter,Evening,Coastal,Female,Teen,Woolen Kurti
25,81,27,Winter,Afternoon,Urban,Male,Senior,Sweater
40,33,5,Winter,Night,Coastal,Female,Adult,Winter Coat
27,89,20,Cloudy,Night,Urban,Male,Child,Kurta
20,58,27,Rainy,Evening,Coastal,Female,Adult,Raincoat
43,35,39,Rainy,Afternoon,Urban,Female,Teen,Raincoat
43,46,0,Winter,Evening,Rural,Female,Child,Woolen Kurti
18,77,35,Sunny,Morning,Urban,Female,Senior,Kurti with Leggings
35,59,20,Rainy,Morning,Coastal,Female,Teen,Raincoat
9,33,34,Cloudy,Morning,Urban,Female,Senior,Woolen Kurti
39,28,12,Rainy,Morning,Rural,Female,Child,Raincoat
27,69,9,Winter,Evening,Urban,Male,Adult,Sweater
33,48,9,Sunny,Morning,Coastal,Male,Teen,T-shirt
15,83,12,Rainy,Afternoon,Coastal,Female,Teen,Raincoat
22,98,36,Rainy,Night,Rural,Female,Senior,Raincoat
16,27,37,Winter,Night,Coastal,Male,Child,Jacket
13,28,23,Sunny,Morning,Urban,Male,Senior,Sweater
14,45,1,Sunny,Morning,Urban,Female,Child,Winter Coat
21,83,21,Winter,Morning,Urban,Male,Teen,Sweater
42,64,16,Cloudy,Evening,Coastal,Male,Child,Shorts
11,78,35,Rainy,Night,Urban,Female,Teen,Winter Coat
17,56,13,Cloudy,Morning,Urban,Female,Child,Kurti with Leggings
44,58,9,Rainy,Afternoon,Urban,Female,Adult,Raincoat
13,42,34,Rainy,Morning,Rural,Male,Child,Sweater
31,30,24,Cloudy,Night,Coastal,Female,Adult,Top with Jeans
6,90,2,Winter,Morning,Coastal,Female,Child,Winter Coat
9,31,37,Winter,Night,Coastal,Male,Child,Jacket
33,57,16,Rainy,Morning,Rural,Female,Senior,Raincoat
41,46,11,Winter,Afternoon,Coastal,Male,Senior,Coat
42,24,23,Rainy,Morning,Rural,Male,Teen,Raincoat
23,44,28,Winter,Afternoon,Rural,Male,Senior,Sweater
12,80,24,Rainy,Afternoon,Coastal,Male,Child,Coat
5,41,35,Winter,Morning,Urban,Male,Senior,Coat
26,20,25,Sunny,Afternoon,Urban,Male,Child,Shirt with Jeans
21,19,37,Cloudy,Evening,Coastal,Female,Adult,Kurti with Leggings
11,82,0,Sunny,Morning,Coastal,Female,Child,Sweater
29,87,19,Cloudy,Morning,Rural,Female,Teen,Kurti with Leggings
8,86,27,Cloudy,Afternoon,Coastal,Male,Adult,Jacket
40,66,15,Rainy,Afternoon,Rural,Female,Teen,Raincoat
10,34,16,Cloudy,Morning,Coastal,Male,Teen,Jacket
35,11,39,Sunny,Evening,Urban,Female,Teen,Salwar Suit
23,73,27,Sunny,Afternoon,Urban,Male,Senior,T-shirt
43,44,11,Winter,Afternoon,Coastal,Female,Teen,Woolen Kurti
31,16,26,Sunny,Night,Rural,Male,Adult,Shirt with Jeans
14,94,29,Winter,Evening,Urban,Female,Child,Sweater
30,27,33,Cloudy,Evening,Rural,Male,Teen,T-shirt
23,76,36,Sunny,Morning,Coastal,Female,Adult,Top with Jeans
43,51,5,Cloudy,Evening,Coastal,Male,Teen,Shorts
7,48,6,Sunny,Morning,Urban,Female,Child,Woolen Kurti
17,50,31,Sunny,Night,Coastal,Female,Adult,Top with Jeans
32,84,31,Winter,Evening,Urban,Female,Adult,Woolen Kurti
24,33,24,Cloudy,Afternoon,Rural,Male,Child,Shirt with Jeans
32,69,32,Sunny,Night,Urban,Male,Adult,Shirt with Jeans
12,55,6,Rainy,Morning,Urban,Male,Child,Jacket
43,28,11,Cloudy,Night,Rural,Male,Adult,Vest
5,77,15,Cloudy,Morning,Urban,Male,Adult,Coat
7,99,15,Cloudy,Night,Urban,Female,Child,Winter Coat
17,51,35,Winter,Morning,Coastal,Male,Child,Coat
32,41,12,Rainy,Evening,Rural,Female,Adult,Raincoat
29,48,6,Cloudy,Afternoon,Urban,Female,Adult,Kurti with Leggings
37,45,35,Sunny,Morning,Rural,Male,Child,Vest
42,45,8,Sunny,Night,Rural,Female,Senior,Kurti
10,12,31,Winter,Morning,Urban,Male,Child,Coat
36,82,10,Sunny,Morning,Coastal,Male,Adult,T-shirt
25,17,7,Cloudy,Morning,Rural,Male,Adult,Shirt with Jeans
20,79,32,Sunny,Night,Urban,Female,Adult,Top with Jeans
25,50,22,Cloudy,Afternoon,Rural,Male,Child,Kurta
15,77,24,Sunny,Evening,Coastal,Male,Adult,Kurta
41,22,7,Rainy,Afternoon,Coastal,Male,Senior,Raincoat
40,58,21,Winter,Morning,Coastal,Female,Teen,Woolen Kurti
39,69,3,Winter,Night,Urban,Male,Senior,Coat
23,11,39,Rainy,Afternoon,Urban,Female,Child,Raincoat
24,69,2,Rainy,Morning,Coastal,Female,Adult,Raincoat
22,14,28,Winter,Evening,Urban,Male,Child,Coat
18,53,28,Rainy,Evening,Coastal,Female,Teen,Raincoat
19,36,33,Cloudy,Evening,Urban,Female,Child,Top with Jeans
35,41,33,Sunny,Morning,Coastal,Male,Adult,T-shirt
5,30,27,Winter,Night,Rural,Male,Teen,Coat
7,17,12,Rainy,Afternoon,Coastal,Male,Teen,Jacket
20,81,14,Cloudy,Evening,Coastal,Female,Adult,Top with Jeans
27,59,22,Winter,Morning,Urban,Male,Adult,Sweater
15,76,25,Rainy,Morning,Urban,Female,Adult,Raincoat
16,53,3,Winter,Afternoon,Urban,Female,Child,Woolen Kurti
14,67,25,Rainy,Evening,Urban,Female,Senior,Woolen Kurti
36,12,39,Winter,Morning,Urban,Female,Child,Woolen Kurti
20,95,8,Cloudy,Afternoon,Urban,Female,Child,Salwar Suit
12,79,4,Cloudy,Night,Rural,Male,Senior,Coat
42,11,31,Sunny,Night,Coastal,Male,Adult,T-shirt
16,96,19,Winter,Night,Coastal,Female,Adult,Woolen Kurti
28,53,10,Sunny,Evening,Coastal,Female,Senior,Top with Jeans
32,11,14,Winter,Afternoon,Rural,Male,Senior,Coat
12,90,31,Rainy,Afternoon,Coastal,Male,Child,Coat
32,44,27,Rainy,Morning,Rural,Female,Teen,Raincoat
40,96,21,Sunny,Morning,Rural,Female,Senior,Summer Dress
30,39,16,Winter,Morning,Rural,Male,Child,Coat
12,17,25,Sunny,Afternoon,Coastal,Male,Teen,Jacket
32,31,6,Cloudy,Morning,Rural,Female,Adult,Top with Jeans
32,53,25,Sunny,Afternoon,Coastal,Male,Adult,T-shirt
41,67,24,Sunny,Afternoon,Coastal,Male,Child,T-shirt
40,45,9,Rainy,Night,Urban,Female,Child,Raincoat
31,78,18,Sunny,Morning,Urban,Female,Senior,Salwar Suit
21,86,10,Winter,Night,Rural,Female,Adult,Winter Coat
13,40,12,Rainy,Evening,Rural,Male,Child,Sweater
37,56,7,Sunny,Evening,Coastal,Female,Adult,Sleeveless Top
24,64,39,Cloudy,Evening,Rural,Male,Adult,Shirt with Jeans
17,89,3,Sunny,Afternoon,Rural,Female,Senior,Kurti with Leggings
32,71,30,Sunny,Afternoon,Coastal,Female,Teen,Top with Jeans
33,39,27,Sunny,Afternoon,Rural,Male,Senior,Shirt with Jeans
17,64,10,Rainy,Morning,Rural,Male,Child,Raincoat
39,25,0,Winter,Night,Coastal,Female,Senior,Sweater
10,21,37,Cloudy,Afternoon,Coastal,Female,Senior,Woolen Kurti
22,26,23,Sunny,Night,Urban,Male,Adult,Shirt with Jeans
9,25,30,Winter,Night,Coastal,Female,Senior,Sweater
29,21,25,Winter,Night,Urban,Male,Child,Jacket
6,17,4,Rainy,Morning,Rural,Male,Teen,Jacket
14,93,19,Cloudy,Morning,Coastal,Female,Senior,Sweater
34,12,10,Rainy,Evening,Coastal,Male,Senior,Raincoat
9,25,32,Winter,Evening,Coastal,Male,Teen,Coat
37,39,37,Winter,Night,Rural,Male,Child,Jacket
5,32,26,Winter,Evening,Urban,Female,Child,Woolen Kurti
22,14,33,Rainy,Night,Rural,Male,Senior,Raincoat
36,93,14,Cloudy,Morning,Rural,Female,Adult,Sleeveless Top
15,74,31,Sunny,Morning,Coastal,Female,Senior,Kurti with Leggings
25,39,20,Rainy,Morning,Urban,Female,Teen,Raincoat
30,30,4,Winter,Afternoon,Rural,Male,Teen,Coat
29,93,5,Rainy,Night,Coastal,Male,Teen,Raincoat
26,79,37,Winter,Morning,Rural,Female,Senior,Winter Coat
31,31,21,Sunny,Night,Rural,Female,Senior,Kurti with Leggings
17,91,17,Sunny,Evening,Coastal,Male,Child,Shirt with Jeans
37,81,13,Cloudy,Evening,Coastal,Female,Adult,Sleeveless Top
38,41,9,Winter,Morning,Urban,Female,Senior,Woolen Kurti
39,42,12,Cloudy,Night,Rural,Male,Child,Vest
5,25,30,Cloudy,Morning,Coastal,Female,Senior,Winter Coat
25,85,29,Sunny,Evening,Coastal,Male,Child,Shirt with Jeans
10,47,2,Rainy,Morning,Urban,Male,Child,Coat
32,23,29,Rainy,Night,Urban,Female,Adult,Raincoat
21,45,5,Cloudy,Evening,Coastal,Male,Senior,Shirt with Jeans
9,32,28,Sunny,Afternoon,Urban,Male,Child,Coat
35,75,7,Winter,Evening,Coastal,Male,Teen,Coat
9,94,32,Rainy,Afternoon,Rural,Female,Teen,Sweater
42,11,16,Cloudy,Morning,Urban,Female,Teen,Kurti
7,82,10,Rainy,Morning,Rural,Female,Adult,Woolen Kurti
27,74,12,Rainy,Night,Rural,Male,Child,Raincoat
41,84,10,Winter,Afternoon,Rural,Male,Adult,Jacket
41,76,30,Sunny,Morning,Coastal,Female,Senior,Sleeveless Top
14,61,27,Winter,Afternoon,Rural,Female,Senior,Sweater
14,71,5,Sunny,Morning,Rural,Male,Child,Jacket
23,32,15,Rainy,Evening,Rural,Female,Teen,Raincoat
21,35,3,Cloudy,Morning,Coastal,Female,Child,Top with Jeans
25,77,34,Winter,Night,Rural,Female,Child,Woolen Kurti
18,91,25,Sunny,Evening,Rural,Female,Child,Salwar Suit
13,64,11,Rainy,Night,Urban,Female,Adult,Winter Coat
5,15,10,Sunny,Evening,Coastal,Male,Senior,Coat
17,44,36,Sunny,Afternoon,Rural,Female,Child,Salwar Suit
8,31,24,Sunny,Night,Urban,Female,Child,Woolen Kurti
5,52,17,Rainy,Morning,Coastal,Male,Child,Sweater
44,24,18,Cloudy,Afternoon,Coastal,Male,Adult,T-shirt
36,95,22,Cloudy,Morning,Coastal,Male,Adult,Shorts
38,69,37,Cloudy,Evening,Coastal,Male,Adult,Vest
32,21,17,Sunny,Evening,Coastal,Female,Child,Top with Jeans
35,58,25,Rainy,Morning,Coastal,Female,Teen,Raincoat
12,51,5,Sunny,Morning,Rural,Female,Teen,Winter Coat
43,47,3,Cloudy,Afternoon,Rural,Female,Teen,Summer Dress
30,91,28,Cloudy,Morning,Rural,Male,Senior,T-shirt
38,54,33,Rainy,Night,Rural,Male,Child,Raincoat
7,44,16,Sunny,Night,Urban,Female,Teen,Sweater
16,39,15,Winter,Morning,Rural,Female,Teen,Woolen Kurti
5,97,1,Winter,Night,Coastal,Female,Teen,Sweater
9,39,33,Cloudy,Morning,Rural,Female,Child,Woolen Kurti
34,87,7,Rainy,Afternoon,Rural,Male,Teen,Raincoat
34,15,12,Sunny,Night,Coastal,Female,Teen,Top with Jeans
21,76,7,Sunny,Night,Rural,Male,Child,Kurta
27,89,29,Cloudy,Morning,Rural,Male,Senior,Shirt with Jeans
19,16,31,Cloudy,Night,Rural,Male,Adult,Kurta
41,61,35,Sunny,Evening,Urban,Male,Teen,Shorts
25,23,29,Sunny,Afternoon,Rural,Female,Adult,Kurti with Leggings
18,82,0,Cloudy,Afternoon,Coastal,Female,Senior,Top with Jeans
6,24,38,Sunny,Night,Coastal,Female,Senior,Sweater
15,30,16,Winter,Night,Rural,Female,Teen,Winter Coat
43,44,19,Cloudy,Evening,Rural,Male,Child,T-shirt
42,75,23,Sunny,Evening,Rural,Male,Senior,Vest
38,11,21,Cloudy,Night,Coastal,Male,Adult,Vest
42,44,28,Rainy,Night,Coastal,Female,Adult,Raincoat
38,91,21,Cloudy,Evening,Urban,Male,Adult,Shorts
22,87,8,Cloudy,Morning,Urban,Male,Adult,T-shirt
34,29,36,Rainy,Evening,Urban,Male,Senior,Raincoat
19,91,9,Winter,Morning,Coastal,Male,Teen,Sweater
31,19,35,Sunny,Afternoon,Urban,Female,Teen,Salwar Suit
38,34,36,Rainy,Afternoon,Rural,Male,Adult,Raincoat
42,75,27,Cloudy,Evening,Rural,Male,Teen,Shorts
37,34,27,Sunny,Morning,Coastal,Female,Adult,Kurti
28,63,20,Rainy,Evening,Urban,Female,Adult,Raincoat
19,42,23,Sunny,Evening,Rural,Female,Child,Salwar Suit
34,45,39,Sunny,Morning,Coastal,Male,Senior,Shirt with Jeans
21,23,1,Rainy,Evening,Urban,Male,Senior,Raincoat
9,74,7,Sunny,Afternoon,Rural,Male,Adult,Sweater
33,89,26,Winter,Night,Urban,Male,Senior,Jacket
8,63,21,Rainy,Night,Coastal,Female,Teen,Winter Coat
14,61,36,Winter,Evening,Urban,Male,Adult,Sweater
21,12,26,Cloudy,Morning,Coastal,Male,Child,T-shirt
14,50,28,Sunny,Morning,Urban,Female,Teen,Sweater
21,15,2,Cloudy,Afternoon,Rural,Female,Child,Salwar Suit
24,34,12,Cloudy,Morning,Coastal,Female,Child,Salwar Suit
28,22,9,Sunny,Morning,Coastal,Male,Senior,Shirt with Jeans
9,17,35,Rainy,Afternoon,Coastal,Male,Senior,Jacket
38,30,8,Sunny,Evening,Urban,Male,Adult,Shorts
10,77,26,Cloudy,Night,Urban,Male,Senior,Coat
6,34,33,Cloudy,Afternoon,Rural,Male,Child,Sweater
17,88,0,Rainy,Evening,Coastal,Female,Child,Raincoat
15,77,31,Sunny,Afternoon,Coastal,Female,Teen,Kurti with Leggings
27,54,24,Cloudy,Evening,Urban,Male,Child,T-shirt
20,69,28,Winter,Afternoon,Urban,Male,Adult,Coat
35,21,6,Cloudy,Evening,Rural,Male,Adult,T-shirt
15,41,2,Cloudy,Afternoon,Rural,Male,Senior,Kurta
20,22,19,Rainy,Evening,Urban,Male,Senior,Raincoat
12,40,19,Winter,Afternoon,Coastal,Female,Senior,Sweater
8,87,29,Cloudy,Night,Rural,Female,Adult,Winter Coat
44,29,34,Cloudy,Night,Urban,Female,Child,Summer Dress
8,27,34,Winter,Morning,Urban,Male,Senior,Sweater
29,69,38,Sunny,Evening,Coastal,Male,Teen,Kurta
7,72,26,Sunny,Afternoon,Urban,Female,Senior,Winter Coat
36,15,25,Cloudy,Evening,Urban,Female,Adult,Kurti
7,41,13,Cloudy,Night,Rural,Male,Senior,Jacket
31,52,16,Sunny,Evening,Urban,Female,Child,Salwar Suit
33,11,17,Rainy,Afternoon,Urban,Female,Senior,Raincoat
36,69,28,Winter,Evening,Rural,Male,Adult,Sweater
23,32,19,Winter,Afternoon,Coastal,Female,Adult,Sweater
25,92,26,Rainy,Night,Coastal,Female,Teen,Raincoat
9,40,17,Rainy,Night,Rural,Female,Adult,Winter Coat
22,14,3,Rainy,Night,Rural,Male,Teen,Raincoat
32,92,0,Rainy,Morning,Coastal,Female,Child,Raincoat
26,43,0,Rainy,Night,Coastal,Female,Adult,Raincoat
25,19,25,Rainy,Evening,Coastal,Female,Senior,Raincoat
10,98,19,Winter,Morning,Coastal,Male,Child,Coat
5,11,22,Rainy,Night,Coastal,Male,Senior,Coat
9,20,9,Sunny,Evening,Rural,Female,Senior,Woolen Kurti
16,59,10,Rainy,Evening,Urban,Male,Senior,Raincoat
30,40,4,Rainy,Evening,Coastal,Female,Child,Raincoat
38,65,0,Winter,Afternoon,Coastal,Male,Child,Coat
18,88,16,Winter,Morning,Urban,Male,Adult,Sweater
30,82,21,Rainy,Evening,Urban,Female,Senior,Raincoat
31,96,33,Winter,Afternoon,Urban,Female,Teen,Winter Coat
13,92,28,Cloudy,Night,Urban,Female,Adult,Sweater
30,18,3,Winter,Evening,Urban,Male,Child,Jacket
26,30,4,Winter,Afternoon,Urban,Female,Teen,Woolen Kurti
34,82,10,Winter,Evening,Rural,Male,Child,Jacket
21,37,20,Winter,Morning,Urban,Male,Teen,Jacket
30,71,34,Sunny,Morning,Urban,Female,Adult,Kurti with Leggings
40,16,11,Sunny,Night,Rural,Male,Teen,Shorts
5,89,25,Sunny,Evening,Urban,Female,Adult,Winter Coat
12,25,18,Rainy,Afternoon,Coastal,Male,Child,Jacket
39,13,6,Rainy,Night,Coastal,Female,Teen,Raincoat
19,13,6,Cloudy,Evening,Urban,Male,Senior,T-shirt
26,49,25,Sunny,Night,Rural,Male,Senior,Kurta
18,26,39,Rainy,Afternoon,Coastal,Female,Child,Raincoat
30,61,4,Winter,Night,Rural,Male,Teen,Sweater
32,61,20,Winter,Night,Coastal,Female,Senior,Sweater
27,45,13,Sunny,Night,Urban,Male,Adult,T-shirt
18,47,3,Cloudy,Evening,Rural,Male,Teen,Shirt with Jeans
28,59,22,Cloudy,Afternoon,Rural,Male,Teen,Kurta
6,72,19,Winter,Morning,Rural,Female,Senior,Sweater
30,72,14,Cloudy,Evening,Coastal,Female,Adult,Salwar Suit
18,71,28,Sunny,Morning,Coastal,Female,Adult,Salwar Suit
11,16,7,Winter,Morning,Coastal,Female,Adult,Winter Coat
7,36,18,Rainy,Evening,Urban,Female,Teen,Sweater
27,95,38,Rainy,Evening,Coastal,Male,Child,Raincoat
22,23,27,Cloudy,Afternoon,Urban,Male,Teen,Shirt with Jeans
42,80,26,Winter,Afternoon,Rural,Female,Teen,Winter Coat
39,95,3,Winter,Night,Rural,Male,Senior,Sweater
19,14,14,Rainy,Morning,Urban,Male,Child,Raincoat
29,64,34,Winter,Afternoon,Coastal,Male,Adult,Sweater
41,11,36,Winter,Night,Urban,Male,Senior,Coat
32,71,0,Winter,Afternoon,Rural,Female,Teen,Sweater
14,30,2,Cloudy,Evening,Rural,Male,Child,Coat
43,88,23,Winter,Afternoon,Urban,Female,Adult,Woolen Kurti
21,30,26,Sunny,Morning,Coastal,Female,Adult,Top with Jeans
43,19,39,Cloudy,Afternoon,Coastal,Male,Teen,Vest
26,96,35,Winter,Morning,Urban,Female,Adult,Sweater
30,67,33,Winter,Evening,Urban,Male,Adult,Sweater
29,48,28,Sunny,Morning,Coastal,Male,Child,Kurta
21,14,23,Cloudy,Afternoon,Rural,Male,Senior,Shirt with Jeans
17,74,23,Rainy,Night,Urban,Female,Child,Raincoat
24,22,3,Rainy,Evening,Coastal,Female,Senior,Raincoat
29,94,2,Cloudy,Afternoon,Coastal,Female,Senior,Salwar Suit
8,99,33,Winter,Evening,Rural,Male,Senior,Sweater
14,94,22,Winter,Evening,Rural,Male,Adult,Coat
7,62,22,Rainy,Afternoon,Rural,Male,Child,Jacket
22,91,4,Rainy,Afternoon,Rural,Female,Adult,Raincoat
40,54,30,Rainy,Night,Rural,Male,Teen,Raincoat
26,41,5,Sunny,Evening,Urban,Male,Child,Shirt with Jeans
38,45,36,Rainy,Evening,Coastal,Female,Senior,Raincoat
12,90,9,Sunny,Afternoon,Urban,Female,Adult,Sweater
44,69,39,Cloudy,Morning,Urban,Female,Adult,Sleeveless Top
23,20,6,Winter,Afternoon,Urban,Male,Child,Coat
41,72,38,Rainy,Evening,Urban,Male,Child,Raincoat
10,30,37,Winter,Afternoon,Urban,Male,Senior,Coat
30,61,20,Winter,Night,Rural,Female,Senior,Woolen Kurti
38,64,19,Rainy,Morning,Rural,Female,Teen,Raincoat
10,35,2,Rainy,Afternoon,Coastal,Female,Senior,Sweater
41,77,21,Cloudy,Night,Urban,Female,Adult,Summer Dress
37,43,3,Sunny,Evening,Coastal,Male,Teen,Vest
26,61,27,Sunny,Afternoon,Rural,Male,Teen,Shirt with Jeans
25,91,11,Winter,Evening,Rural,Male,Teen,Sweater
10,61,37,Rainy,Night,Rural,Male,Child,Coat
10,38,35,Cloudy,Evening,Urban,Male,Senior,Coat
8,47,4,Cloudy,Night,Urban,Male,Teen,Coat
34,51,12,Cloudy,Night,Rural,Male,Child,T-shirt
15,30,22,Cloudy,Night,Coastal,Male,Child,Kurta
34,51,29,Cloudy,Afternoon,Coastal,Female,Teen,Salwar Suit
35,22,36,Sunny,Evening,Rural,Female,Teen,Salwar Suit
28,73,24,Sunny,Evening,Coastal,Male,Adult,T-shirt
13,26,26,Sunny,Morning,Rural,Female,Teen,Woolen Kurti
7,18,13,Rainy,Morning,Coastal,Male,Adult,Coat
35,50,35,Winter,Morning,Rural,Male,Teen,Sweater
44,10,38,Cloudy,Morning,Coastal,Female,Teen,Summer Dress
41,11,15,Rainy,Evening,Urban,Male,Senior,Raincoat
40,69,21,Cloudy,Night,Rural,Male,Teen,T-shirt
28,57,20,Sunny,Night,Rural,Male,Teen,Shirt with Jeans
35,38,20,Rainy,Afternoon,Coastal,Male,Adult,Raincoat
10,19,7,Sunny,Night,Rural,Male,Adult,Jacket
6,67,15,Cloudy,Evening,Rural,Male,Senior,Coat
24,69,30,Cloudy,Evening,Rural,Male,Teen,Shirt with Jeans
32,30,9,Winter,Evening,Urban,Female,Teen,Sweater
15,37,31,Cloudy,Afternoon,Urban,Female,Adult,Kurti with Leggings
8,84,33,Sunny,Morning,Coastal,Male,Child,Jacket
19,43,8,Cloudy,Night,Urban,Female,Child,Kurti with Leggings
10,17,16,Winter,Evening,Coastal,Male,Child,Coat
34,68,10,Winter,Evening,Urban,Male,Adult,Coat
42,95,31,Sunny,Morning,Coastal,Male,Adult,Shorts
6,81,9,Rainy,Evening,Urban,Male,Child,Coat
19,58,21,Cloudy,Night,Urban,Female,Child,Salwar Suit
15,88,16,Winter,Afternoon,Coastal,Female,Teen,Woolen Kurti
12,26,3,Cloudy,Evening,Rural,Female,Adult,Sweater
30,69,24,Cloudy,Night,Rural,Female,Adult,Kurti with Leggings
9,96,20,Rainy,Evening,Urban,Male,Child,Jacket
10,97,36,Winter,Morning,Coastal,Female,Child,Sweater
30,54,37,Cloudy,Evening,Rural,Male,Senior,Shirt with Jeans
8,92,0,Winter,Evening,Coastal,Male,Adult,Coat
23,78,24,Sunny,Afternoon,Rural,Female,Senior,Kurti with Leggings
24,41,35,Sunny,Morning,Coastal,Male,Teen,Kurta
37,53,16,Cloudy,Morning,Urban,Female,Senior,Summer Dress
24,74,23,Winter,Afternoon,Coastal,Female,Child,Sweater
16,96,1,Cloudy,Evening,Rural,Female,Adult,Kurti with Leggings
5,17,39,Winter,Night,Urban,Female,Adult,Sweater
30,86,14,Winter,Morning,Coastal,Female,Senior,Winter Coat
18,81,31,Rainy,Morning,Rural,Male,Senior,Raincoat
42,96,38,Rainy,Evening,Urban,Female,Teen,Raincoat
41,52,5,Rainy,Evening,Coastal,Female,Teen,Raincoat
15,10,0,Cloudy,Morning,Rural,Male,Child,Shirt with Jeans
40,60,22,Rainy,Evening,Coastal,Female,Child,Raincoat
17,33,38,Rainy,Night,Coastal,Female,Child,Raincoat
7,33,16,Sunny,Morning,Urban,Male,Senior,Coat
37,26,33,Winter,Night,Urban,Male,Senior,Coat
10,14,28,Winter,Night,Rural,Female,Adult,Sweater
14,29,8,Rainy,Evening,Urban,Male,Child,Sweater
9,30,12,Winter,Night,Rural,Female,Senior,Woolen Kurti
27,67,5,Sunny,Evening,Coastal,Male,Adult,Shirt with Jeans
14,40,5,Sunny,Afternoon,Coastal,Female,Child,Winter Coat
6,20,19,Rainy,Evening,Rural,Female,Teen,Sweater
17,61,2,Sunny,Night,Coastal,Female,Teen,Salwar Suit
44,24,16,Winter,Afternoon,Urban,Male,Senior,Jacket
6,92,11,Cloudy,Evening,Coastal,Female,Adult,Winter Coat
24,16,0,Winter,Night,Urban,Male,Teen,Sweater
5,37,16,Cloudy,Morning,Rural,Female,Adult,Woolen Kurti
41,60,2,Rainy,Morning,Rural,Female,Adult,Raincoat
13,67,25,Cloudy,Evening,Coastal,Female,Teen,Woolen Kurti
21,14,14,Sunny,Evening,Coastal,Female,Adult,Kurti with Leggings
13,14,35,Winter,Morning,Urban,Female,Teen,Woolen Kurti
15,17,31,Cloudy,Night,Urban,Male,Senior,Shirt with Jeans
19,73,31,Winter,Night,Coastal,Male,Child,Jacket
28,19,3,Rainy,Night,Coastal,Male,Child,Raincoat
42,47,17,Rainy,Evening,Rural,Female,Senior,Raincoat
39,90,18,Sunny,Afternoon,Rural,Female,Teen,Kurti
34,17,34,Rainy,Afternoon,Rural,Male,Teen,Raincoat
35,34,39,Cloudy,Afternoon,Coastal,Female,Teen,Top with Jeans
9,82,13,Rainy,Afternoon,Coastal,Female,Teen,Sweater
18,75,32,Sunny,Afternoon,Coastal,Female,Senior,Salwar Suit
15,88,13,Winter,Evening,Rural,Male,Child,Sweater
13,59,33,Winter,Evening,Coastal,Male,Adult,Jacket
38,76,3,Rainy,Afternoon,Urban,Male,Adult,Raincoat
16,58,23,Cloudy,Evening,Coastal,Male,Child,T-shirt
39,45,28,Sunny,Evening,Coastal,Male,Senior,Vest
39,77,18,Cloudy,Afternoon,Coastal,Female,Adult,Kurti
5,87,5,Sunny,Night,Coastal,Female,Child,Sweater
44,50,32,Rainy,Evening,Coastal,Female,Senior,Raincoat
26,98,39,Sunny,Night,Urban,Female,Adult,Salwar Suit
33,71,18,Sunny,Evening,Urban,Male,Teen,Kurta
12,19,0,Rainy,Evening,Coastal,Male,Teen,Coat
15,30,4,Cloudy,Afternoon,Rural,Female,Senior,Top with Jeans
41,45,26,Rainy,Evening,Coastal,Male,Teen,Raincoat
18,21,15,Sunny,Morning,Coastal,Female,Senior,Salwar Suit
34,11,5,Rainy,Morning,Coastal,Female,Child,Raincoat
39,22,39,Sunny,Afternoon,Rural,Female,Child,Kurti
25,62,12,Rainy,Night,Rural,Female,Adult,Raincoat
41,41,34,Winter,Night,Rural,Male,Senior,Coat
9,25,18,Winter,Night,Urban,Female,Adult,Sweater
23,41,11,Rainy,Morning,Rural,Male,Adult,Raincoat
18,41,15,Cloudy,Night,Urban,Female,Child,Top with Jeans
30,20,9,Sunny,Night,Urban,Female,Adult,Salwar Suit
8,19,24,Winter,Afternoon,Rural,Female,Teen,Winter Coat
29,24,19,Cloudy,Night,Rural,Female,Adult,Top with Jeans
29,26,30,Sunny,Morning,Rural,Male,Senior,T-shirt
22,49,3,Winter,Morning,Urban,Female,Teen,Woolen Kurti
44,27,22,Winter,Morning,Coastal,Male,Child,Coat
12,64,1,Rainy,Afternoon,Rural,Female,Senior,Woolen Kurti
43,82,21,Sunny,Afternoon,Rural,Female,Teen,Summer Dress
44,34,36,Cloudy,Evening,Rural,Female,Senior,Sleeveless Top
18,68,7,Cloudy,Night,Urban,Male,Teen,Shirt with Jeans
36,87,6,Cloudy,Afternoon,Urban,Female,Senior,Kurti
42,98,13,Sunny,Morning,Coastal,Female,Senior,Kurti
37,31,2,Cloudy,Morning,Rural,Female,Teen,Summer Dress
27,39,15,Cloudy,Afternoon,Urban,Female,Child,Top with Jeans
19,93,18,Cloudy,Afternoon,Coastal,Female,Child,Salwar Suit
37,94,17,Rainy,Afternoon,Rural,Male,Senior,Raincoat
29,53,15,Rainy,Evening,Urban,Male,Senior,Raincoat
21,41,7,Sunny,Morning,Rural,Female,Child,Top with Jeans
37,60,32,Sunny,Evening,Rural,Female,Child,Summer Dress
6,55,11,Cloudy,Evening,Urban,Male,Adult,Coat
18,30,10,Rainy,Night,Urban,Female,Child,Raincoat
44,41,4,Winter,Morning,Urban,Male,Senior,Jacket
44,48,26,Winter,Morning,Rural,Female,Teen,Sweater
43,21,11,Cloudy,Afternoon,Rural,Female,Child,Summer Dress
10,56,16,Cloudy,Afternoon,Coastal,Male,Adult,Jacket
10,27,5,Rainy,Night,Rural,Female,Adult,Sweater
7,30,32,Rainy,Evening,Urban,Male,Adult,Coat
11,22,4,Rainy,Afternoon,Rural,Male,Teen,Jacket
12,30,27,Sunny,Afternoon,Coastal,Male,Child,Coat
19,17,13,Sunny,Morning,Coastal,Female,Child,Salwar Suit
33,55,4,Cloudy,Morning,Urban,Male,Child,Shirt with Jeans
37,16,32,Sunny,Afternoon,Urban,Male,Teen,T-shirt
34,32,18,Rainy,Morning,Coastal,Female,Teen,Raincoat
43,84,21,Rainy,Night,Coastal,Female,Senior,Raincoat
31,95,4,Sunny,Afternoon,Coastal,Female,Adult,Kurti with Leggings
40,31,1,Winter,Morning,Urban,Female,Adult,Woolen Kurti
33,98,29,Cloudy,Night,Coastal,Female,Child,Kurti with Leggings
42,31,38,Winter,Morning,Coastal,Female,Teen,Woolen Kurti
37,38,3,Cloudy,Morning,Urban,Male,Teen,Shorts
41,22,32,Winter,Morning,Rural,Female,Child,Woolen Kurti
31,91,12,Sunny,Afternoon,Rural,Male,Child,T-shirt
37,11,19,Cloudy,Evening,Coastal,Female,Senior,Kurti
8,38,6,Cloudy,Morning,Rural,Male,Adult,Coat
26,94,14,Cloudy,Night,Rural,Male,Adult,Shirt with Jeans
6,88,22,Rainy,Afternoon,Rural,Female,Adult,Woolen Kurti
14,61,13,Rainy,Afternoon,Rural,Female,Senior,Sweater
9,36,22,Winter,Night,Coastal,Male,Child,Coat
14,59,18,Sunny,Morning,Rural,Female,Child,Sweater
37,88,28,Rainy,Evening,Rural,Female,Adult,Raincoat
42,32,19,Cloudy,Morning,Urban,Male,Adult,Shorts
17,97,28,Rainy,Night,Coastal,Male,Senior,Raincoat
35,53,23,Sunny,Afternoon,Urban,Male,Teen,Shirt with Jeans
40,86,17,Rainy,Evening,Urban,Female,Teen,Raincoat
28,31,9,Cloudy,Afternoon,Coastal,Female,Adult,Salwar Suit
19,52,7,Winter,Night,Rural,Female,Senior,Woolen Kurti
33,46,25,Cloudy,Morning,Urban,Female,Adult,Salwar Suit
12,70,28,Sunny,Evening,Coastal,Male,Teen,Sweater
9,65,9,Winter,Afternoon,Rural,Female,Adult,Winter Coat
33,12,16,Rainy,Afternoon,Coastal,Male,Teen,Raincoat
8,72,1,Rainy,Afternoon,Urban,Female,Teen,Woolen Kurti
16,28,5,Rainy,Morning,Rural,Female,Teen,Raincoat
6,32,4,Winter,Evening,Rural,Male,Child,Coat
31,38,27,Cloudy,Morning,Coastal,Female,Child,Kurti with Leggings
35,39,4,Winter,Morning,Rural,Female,Adult,Winter Coat
40,48,17,Winter,Morning,Urban,Male,Teen,Jacket
40,34,25,Sunny,Night,Urban,Female,Child,Summer Dress
30,17,19,Winter,Night,Urban,Male,Adult,Coat
31,67,26,Rainy,Night,Coastal,Male,Adult,Raincoat
9,25,11,Cloudy,Evening,Rural,Male,Adult,Jacket
24,81,6,Cloudy,Morning,Rural,Male,Adult,Kurta
15,10,2,Cloudy,Morning,Rural,Female,Adult,Kurti with Leggings
14,14,9,Rainy,Night,Urban,Female,Senior,Winter Coat
44,12,33,Rainy,Morning,Rural,Female,Teen,Raincoat
42,74,24,Rainy,Morning,Urban,Male,Adult,Raincoat
10,13,34,Rainy,Afternoon,Rural,Female,Senior,Winter Coat
12,73,15,Rainy,Morning,Urban,Female,Teen,Sweater
27,98,1,Winter,Afternoon,Rural,Female,Child,Sweater
30,19,23,Rainy,Morning,Coastal,Female,Adult,Raincoat
16,30,9,Rainy,Evening,Coastal,Male,Senior,Raincoat
30,55,37,Rainy,Night,Urban,Male,Child,Raincoat
17,36,21,Rainy,Afternoon,Urban,Female,Senior,Raincoat
44,75,25,Cloudy,Night,Rural,Male,Teen,Vest
22,50,38,Rainy,Afternoon,Rural,Female,Teen,Raincoat
29,22,26,Winter,Afternoon,Coastal,Female,Child,Woolen Kurti
37,18,28,Winter,Afternoon,Rural,Female,Senior,Winter Coat
44,45,37,Winter,Evening,Urban,Male,Adult,Sweater
16,95,19,Sunny,Morning,Urban,Female,Adult,Top with Jeans
40,99,26,Cloudy,Afternoon,Urban,Male,Child,Shorts
8,67,19,Rainy,Evening,Urban,Male,Child,Jacket
9,63,18,Sunny,Afternoon,Urban,Female,Child,Sweater
41,21,19,Rainy,Morning,Coastal,Male,Senior,Raincoat
12,90,34,Sunny,Afternoon,Coastal,Male,Adult,Sweater
32,87,1,Sunny,Evening,Urban,Female,Adult,Kurti with Leggings
35,23,29,Winter,Morning,Rural,Male,Adult,Jacket
13,43,33,Winter,Evening,Urban,Male,Child,Sweater
33,62,21,Sunny,Morning,Coastal,Female,Adult,Salwar Suit
18,29,2,Winter,Morning,Urban,Female,Teen,Woolen Kurti
44,84,5,Sunny,Night,Coastal,Male,Child,Shorts
26,25,14,Cloudy,Night,Coastal,Female,Adult,Salwar Suit
15,79,26,Winter,Night,Urban,Female,Senior,Sweater
27,65,9,Winter,Morning,Urban,Male,Child,Jacket
5,92,8,Winter,Afternoon,Rural,Male,Teen,Sweater
41,67,32,Cloudy,Evening,Coastal,Female,Teen,Kurti
25,13,31,Sunny,Evening,Rural,Male,Senior,Shirt with Jeans
30,13,5,Rainy,Evening,Urban,Female,Senior,Raincoat
40,29,35,Winter,Night,Coastal,Female,Child,Woolen Kurti
27,19,1,Sunny,Morning,Rural,Male,Child,T-shirt
5,33,28,Cloudy,Night,Rural,Male,Teen,Jacket
44,35,3,Rainy,Afternoon,Rural,Female,Senior,Raincoat
19,46,0,Winter,Morning,Urban,Female,Child,Sweater
25,94,18,Cloudy,Evening,Urban,Female,Teen,Top with Jeans
13,63,25,Cloudy,Night,Urban,Female,Senior,Winter Coat
13,30,24,Rainy,Night,Coastal,Male,Teen,Coat
14,83,9,Sunny,Afternoon,Urban,Female,Adult,Winter Coat
30,47,14,Winter,Afternoon,Coastal,Male,Senior,Jacket
39,55,21,Winter,Night,Rural,Male,Child,Sweater
29,13,20,Sunny,Afternoon,Rural,Female,Child,Top with Jeans
30,69,21,Sunny,Evening,Urban,Male,Adult,Kurta
15,66,35,Sunny,Afternoon,Rural,Male,Senior,T-shirt
42,54,33,Rainy,Afternoon,Urban,Female,Teen,Raincoat
6,29,29,Rainy,Night,Coastal,Male,Child,Coat
11,26,24,Winter,Night,Rural,Male,Adult,Jacket
22,80,27,Rainy,Morning,Urban,Female,Adult,Raincoat
31,13,0,Cloudy,Morning,Rural,Female,Senior,Kurti with Leggings
38,23,3,Winter,Night,Rural,Female,Senior,Woolen Kurti
31,12,6,Rainy,Afternoon,Urban,Female,Child,Raincoat
21,97,8,Sunny,Afternoon,Rural,Female,Adult,Salwar Suit
28,89,35,Cloudy,Morning,Rural,Female,Teen,Top with Jeans
29,67,18,Sunny,Morning,Rural,Female,Adult,Top with Jeans
11,64,0,Winter,Morning,Rural,Male,Teen,Sweater
10,13,9,Sunny,Evening,Coastal,Male,Teen,Sweater
28,33,35,Rainy,Evening,Rural,Female,Child,Raincoat
37,43,8,Rainy,Morning,Rural,Male,Adult,Raincoat
33,39,31,Winter,Afternoon,Urban,Male,Teen,Sweater
26,91,31,Sunny,Morning,Coastal,Female,Senior,Salwar Suit
30,28,5,Winter,Evening,Urban,Male,Teen,Jacket
32,40,37,Sunny,Afternoon,Urban,Female,Senior,Salwar Suit
25,69,16,Cloudy,Evening,Urban,Male,Senior,Kurta
11,69,9,Rainy,Afternoon,Coastal,Female,Adult,Sweater
21,28,26,Winter,Evening,Urban,Male,Senior,Jacket
24,58,34,Cloudy,Afternoon,Urban,Male,Teen,Shirt with Jeans
24,72,20,Cloudy,Afternoon,Urban,Male,Senior,Shirt with Jeans
26,92,24,Winter,Afternoon,Rural,Female,Adult,Woolen Kurti
32,31,27,Winter,Afternoon,Urban,Male,Child,Coat
44,33,14,Cloudy,Night,Coastal,Male,Teen,T-shirt
11,85,3,Sunny,Evening,Coastal,Female,Teen,Winter Coat
5,39,28,Cloudy,Evening,Rural,Female,Adult,Sweater
36,67,8,Winter,Night,Coastal,Male,Adult,Jacket
17,40,26,Cloudy,Afternoon,Coastal,Male,Adult,T-shirt
34,73,25,Sunny,Afternoon,Rural,Male,Adult,Kurta
27,28,18,Rainy,Evening,Urban,Male,Teen,Raincoat
23,57,27,Rainy,Night,Rural,Female,Child,Raincoat
36,54,16,Cloudy,Afternoon,Urban,Male,Senior,Shorts
34,64,19,Sunny,Afternoon,Urban,Male,Senior,T-shirt
33,64,39,Rainy,Afternoon,Coastal,Female,Child,Raincoat
33,27,38,Cloudy,Morning,Rural,Male,Child,T-shirt
34,72,22,Cloudy,Night,Coastal,Male,Child,Shirt with Jeans
20,56,31,Sunny,Afternoon,Coastal,Male,Adult,Shirt with Jeans
44,84,32,Winter,Morning,Urban,Female,Teen,Winter Coat
23,66,4,Cloudy,Night,Coastal,Female,Teen,Top with Jeans
22,54,33,Winter,Afternoon,Rural,Male,Teen,Jacket
5,42,39,Winter,Evening,Coastal,Male,Adult,Coat
18,26,10,Rainy,Morning,Coastal,Female,Teen,Raincoat
6,79,2,Winter,Morning,Urban,Male,Adult,Coat
32,13,32,Sunny,Afternoon,Rural,Male,Teen,Shirt with Jeans
34,29,10,Rainy,Afternoon,Coastal,Female,Child,Raincoat
42,56,15,Rainy,Morning,Urban,Female,Senior,Raincoat
8,24,17,Rainy,Evening,Coastal,Female,Senior,Winter Coat
5,79,29,Cloudy,Evening,Rural,Male,Adult,Sweater
12,56,9,Cloudy,Night,Coastal,Male,Teen,Coat
33,87,17,Winter,Afternoon,Coastal,Male,Senior,Coat
43,84,37,Rainy,Evening,Urban,Male,Child,Raincoat
7,18,18,Rainy,Night,Coastal,Female,Child,Sweater
36,99,35,Sunny,Evening,Urban,Male,Child,T-shirt
14,25,12,Winter,Afternoon,Rural,Male,Adult,Coat
14,78,2,Sunny,Night,Coastal,Female,Adult,Winter Coat
23,70,9,Winter,Night,Rural,Female,Teen,Woolen Kurti
38,19,37,Winter,Night,Rural,Male,Child,Coat
37,59,0,Cloudy,Evening,Coastal,Female,Teen,Summer Dress
27,12,26,Cloudy,Afternoon,Urban,Female,Teen,Kurti with Leggings
32,86,7,Sunny,Night,Rural,Male,Child,T-shirt
36,79,16,Winter,Morning,Rural,Male,Teen,Coat
11,90,8,Rainy,Afternoon,Coastal,Male,Senior,Sweater
33,60,5,Cloudy,Morning,Coastal,Male,Adult,Shirt with Jeans
12,28,24,Rainy,Morning,Coastal,Female,Teen,Sweater
5,51,38,Sunny,Night,Coastal,Female,Child,Winter Coat
7,44,27,Cloudy,Night,Coastal,Male,Adult,Sweater
28,55,32,Cloudy,Evening,Coastal,Male,Adult,Shirt with Jeans
27,35,36,Winter,Evening,Urban,Female,Teen,Winter Coat
12,78,8,Sunny,Evening,Rural,Male,Senior,Coat
41,73,17,Winter,Afternoon,Urban,Male,Teen,Coat
7,46,20,Cloudy,Evening,Urban,Male,Senior,Jacket
37,93,1,Sunny,Morning,Coastal,Male,Adult,Vest
32,58,37,Cloudy,Evening,Rural,Female,Teen,Salwar Suit
12,30,39,Sunny,Night,Urban,Male,Child,Sweater
38,83,35,Cloudy,Evening,Coastal,Female,Teen,Summer Dress
39,73,36,Rainy,Afternoon,Coastal,Male,Senior,Raincoat
36,14,14,Rainy,Afternoon,Rural,Male,Senior,Raincoat
28,79,27,Winter,Morning,Urban,Female,Teen,Woolen Kurti
18,99,17,Rainy,Afternoon,Urban,Male,Senior,Raincoat
36,13,33,Cloudy,Evening,Urban,Female,Adult,Kurti
20,48,21,Cloudy,Night,Coastal,Male,Teen,T-shirt
8,44,10,Rainy,Afternoon,Rural,Male,Senior,Coat
41,10,12,Winter,Morning,Rural,Male,Teen,Sweater
25,33,3,Rainy,Evening,Urban,Male,Teen,Raincoat
18,66,21,Sunny,Morning,Coastal,Male,Child,Shirt with Jeans
35,79,6,Sunny,Afternoon,Urban,Female,Teen,Top with Jeans
22,50,23,Sunny,Afternoon,Rural,Female,Child,Salwar Suit
11,63,3,Rainy,Morning,Coastal,Male,Senior,Jacket
14,55,27,Rainy,Evening,Urban,Male,Child,Coat
11,69,14,Rainy,Afternoon,Urban,Female,Child,Winter Coat
37,69,0,Sunny,Night,Coastal,Female,Child,Summer Dress
27,66,2,Winter,Afternoon,Rural,Male,Adult,Jacket
25,40,13,Cloudy,Evening,Coastal,Male,Child,Kurta
23,93,37,Rainy,Afternoon,Urban,Female,Teen,Raincoat
23,33,0,Winter,Morning,Urban,Male,Child,Sweater
40,98,37,Cloudy,Afternoon,Urban,Female,Teen,Sleeveless Top
33,45,37,Cloudy,Afternoon,Urban,Male,Child,T-shirt
22,94,20,Cloudy,Evening,Rural,Female,Adult,Kurti with Leggings
6,39,28,Winter,Morning,Rural,Female,Senior,Winter Coat
5,33,4,Winter,Evening,Urban,Male,Child,Jacket
9,39,9,Sunny,Afternoon,Rural,Female,Child,Winter Coat
24,95,27,Winter,Night,Rural,Male,Adult,Coat
15,16,20,Winter,Afternoon,Rural,Male,Child,Jacket
6,44,6,Winter,Evening,Urban,Male,Teen,Coat
7,64,2,Cloudy,Night,Coastal,Male,Child,Jacket
27,23,19,Rainy,Evening,Coastal,Female,Child,Raincoat
16,19,18,Sunny,Evening,Coastal,Male,Senior,Shirt with Jeans
24,89,34,Rainy,Morning,Urban,Male,Senior,Raincoat
9,25,3,Rainy,Night,Rural,Male,Child,Sweater
41,63,4,Winter,Afternoon,Rural,Male,Adult,Coat
42,98,0,Sunny,Evening,Urban,Female,Senior,Sleeveless Top
34,86,3,Rainy,Afternoon,Urban,Male,Child,Raincoat
13,79,11,Rainy,Morning,Coastal,Female,Senior,Woolen Kurti
38,53,26,Sunny,Morning,Coastal,Female,Child,Summer Dress
39,82,22,Winter,Night,Urban,Female,Senior,Winter Coat
26,54,24,Rainy,Morning,Coastal,Male,Senior,Raincoat
28,65,20,Cloudy,Morning,Rural,Male,Teen,Shirt with Jeans
21,93,23,Rainy,Afternoon,Urban,Male,Child,Raincoat
14,91,24,Cloudy,Morning,Urban,Male,Child,Coat
34,66,31,Winter,Morning,Rural,Female,Child,Woolen Kurti
27,30,31,Rainy,Evening,Rural,Female,Child,Raincoat
36,77,4,Sunny,Morning,Rural,Male,Senior,Vest
21,59,35,Sunny,Evening,Coastal,Male,Teen,T-shirt
21,42,38,Rainy,Morning,Urban,Male,Teen,Raincoat
18,16,15,Winter,Morning,Coastal,Male,Adult,Jacket
13,79,32,Winter,Night,Rural,Male,Child,Jacket
44,24,20,Sunny,Night,Coastal,Male,Adult,Shorts
6,91,8,Rainy,Evening,Rural,Male,Senior,Jacket
29,41,5,Winter,Morning,Coastal,Female,Adult,Woolen Kurti
43,84,34,Sunny,Afternoon,Coastal,Female,Child,Kurti
13,29,38,Cloudy,Night,Rural,Female,Teen,Woolen Kurti
26,97,21,Rainy,Afternoon,Coastal,Female,Teen,Raincoat
8,24,4,Cloudy,Night,Urban,Male,Child,Jacket
30,57,22,Cloudy,Night,Coastal,Male,Senior,Kurta
33,80,16,Winter,Morning,Coastal,Male,Child,Coat
38,30,11,Winter,Night,Urban,Male,Senior,Sweater
27,51,22,Winter,Afternoon,Rural,Male,Teen,Coat
41,35,15,Rainy,Night,Urban,Female,Senior,Raincoat
15,23,2,Cloudy,Evening,Coastal,Male,Child,Kurta
10,66,29,Rainy,Morning,Rural,Female,Child,Woolen Kurti
22,46,21,Winter,Morning,Coastal,Male,Child,Jacket
25,67,8,Cloudy,Evening,Coastal,Female,Senior,Salwar Suit
40,30,28,Rainy,Evening,Urban,Male,Senior,Raincoat
42,91,36,Rainy,Evening,Urban,Female,Senior,Raincoat
38,78,22,Sunny,Night,Rural,Male,Teen,T-shirt
21,12,12,Rainy,Morning,Rural,Male,Adult,Raincoat
41,96,31,Winter,Evening,Rural,Male,Adult,Coat
29,99,22,Rainy,Night,Coastal,Male,Child,Raincoat
42,46,16,Cloudy,Evening,Urban,Female,Teen,Kurti
16,97,39,Rainy,Afternoon,Urban,Male,Senior,Raincoat
27,58,20,Sunny,Afternoon,Urban,Female,Child,Top with Jeans
26,28,1,Cloudy,Morning,Rural,Male,Teen,Kurta
25,98,36,Cloudy,Night,Urban,Female,Child,Kurti with Leggings
31,94,5,Sunny,Afternoon,Urban,Male,Teen,T-shirt
35,21,17,Winter,Afternoon,Urban,Male,Teen,Coat
10,70,29,Cloudy,Night,Rural,Female,Adult,Winter Coat
31,50,21,Winter,Evening,Urban,Male,Child,Coat
44,42,32,Cloudy,Night,Rural,Male,Senior,T-shirt
38,59,29,Cloudy,Evening,Urban,Female,Adult,Kurti
16,77,16,Winter,Afternoon,Urban,Male,Adult,Jacket
11,80,31,Cloudy,Afternoon,Urban,Female,Senior,Winter Coat
14,95,13,Winter,Afternoon,Rural,Male,Teen,Sweater
21,42,9,Sunny,Morning,Rural,Female,Senior,Top with Jeans
30,90,35,Winter,Morning,Urban,Female,Child,Winter Coat
25,33,33,Sunny,Morning,Coastal,Female,Senior,Top with Jeans
32,70,8,Cloudy,Night,Rural,Female,Teen,Top with Jeans
6,70,27,Winter,Afternoon,Rural,Male,Senior,Coat
5,37,10,Cloudy,Afternoon,Urban,Male,Teen,Jacket
40,67,13,Winter,Night,Coastal,Female,Teen,Woolen Kurti
30,52,38,Sunny,Morning,Urban,Male,Child,Kurta
33,50,18,Sunny,Night,Rural,Male,Senior,Kurta
25,48,14,Winter,Morning,Rural,Male,Senior,Coat
15,95,27,Sunny,Afternoon,Urban,Female,Child,Top with Jeans
44,58,23,Cloudy,Evening,Urban,Male,Teen,Vest
15,26,7,Cloudy,Morning,Coastal,Male,Senior,Shirt with Jeans
40,79,8,Rainy,Afternoon,Coastal,Female,Child,Raincoat
43,79,32,Sunny,Afternoon,Rural,Male,Teen,Vest
44,74,32,Cloudy,Evening,Coastal,Female,Child,Kurti
39,83,18,Winter,Afternoon,Coastal,Female,Senior,Woolen Kurti
38,94,2,Sunny,Afternoon,Rural,Female,Child,Kurti
28,14,9,Cloudy,Morning,Rural,Male,Adult,T-shirt
26,11,39,Sunny,Morning,Rural,Male,Teen,Shirt with Jeans
9,31,0,Winter,Evening,Rural,Female,Adult,Woolen Kurti
37,66,28,Cloudy,Evening,Urban,Female,Adult,Sleeveless Top
40,75,33,Rainy,Afternoon,Rural,Female,Teen,Raincoat
24,83,12,Rainy,Morning,Rural,Female,Teen,Raincoat
23,25,0,Sunny,Evening,Rural,Female,Child,Salwar Suit
39,60,33,Winter,Evening,Coastal,Female,Teen,Woolen Kurti
21,48,28,Cloudy,Night,Rural,Male,Adult,Shirt with Jeans
38,95,12,Winter,Evening,Urban,Female,Adult,Sweater
13,85,28,Cloudy,Afternoon,Urban,Female,Senior,Winter Coat
30,97,38,Sunny,Morning,Rural,Female,Teen,Kurti with Leggings
6,49,23,Cloudy,Evening,Urban,Male,Adult,Coat
13,47,25,Winter,Night,Coastal,Male,Senior,Jacket
13,69,16,Winter,Morning,Rural,Male,Senior,Sweater
44,68,6,Sunny,Evening,Urban,Male,Child,T-shirt
21,19,12,Winter,Night,Urban,Female,Adult,Sweater
5,73,4,Cloudy,Evening,Rural,Male,Child,Jacket
29,72,25,Sunny,Morning,Urban,Female,Adult,Kurti with Leggings
44,58,2,Cloudy,Morning,Rural,Female,Child,Kurti
29,73,6,Winter,Morning,Urban,Female,Child,Winter Coat
43,41,38,Sunny,Afternoon,Coastal,Female,Teen,Summer Dress
39,16,0,Cloudy,Evening,Urban,Female,Child,Kurti
7,30,16,Winter,Afternoon,Urban,Female,Teen,Woolen Kurti
41,29,24,Winter,Morning,Rural,Male,Senior,Jacket
34,35,2,Rainy,Night,Urban,Male,Adult,Raincoat
42,77,14,Winter,Evening,Rural,Male,Senior,Sweater
38,95,28,Cloudy,Afternoon,Coastal,Male,Adult,Vest
16,24,31,Sunny,Evening,Rural,Male,Senior,Shirt with Jeans
23,94,25,Rainy,Night,Rural,Female,Adult,Raincoat
41,88,15,Winter,Afternoon,Urban,Male,Child,Sweater
21,95,24,Winter,Morning,Coastal,Male,Adult,Sweater
14,23,27,Winter,Afternoon,Rural,Male,Adult,Jacket
16,36,8,Cloudy,Evening,Urban,Female,Senior,Salwar Suit
20,49,0,Rainy,Evening,Urban,Female,Senior,Raincoat
28,67,28,Cloudy,Evening,Rural,Female,Senior,Top with Jeans
23,37,21,Rainy,Evening,Urban,Male,Teen,Raincoat
12,35,15,Sunny,Morning,Rural,Male,Teen,Jacket
35,72,6,Cloudy,Afternoon,Rural,Male,Adult,Shirt with Jeans
25,75,13,Cloudy,Morning,Rural,Male,Adult,Kurta
21,34,28,Sunny,Morning,Coastal,Male,Child,Shirt with Jeans
27,12,18,Rainy,Morning,Rural,Female,Child,Raincoat
41,81,18,Winter,Evening,Urban,Male,Adult,Coat
20,53,1,Sunny,Evening,Coastal,Female,Teen,Top with Jeans
10,51,14,Winter,Evening,Urban,Male,Adult,Jacket
12,15,2,Winter,Afternoon,Coastal,Female,Child,Winter Coat
29,48,10,Sunny,Night,Coastal,Female,Teen,Kurti with Leggings
22,61,29,Rainy,Evening,Coastal,Female,Teen,Raincoat
29,32,39,Winter,Afternoon,Coastal,Female,Child,Woolen Kurti
16,98,17,Sunny,Evening,Urban,Male,Adult,Kurta
19,59,1,Cloudy,Evening,Rural,Male,Senior,Kurta
30,52,31,Cloudy,Morning,Urban,Male,Adult,T-shirt
30,28,7,Cloudy,Morning,Rural,Female,Adult,Salwar Suit
36,78,21,Sunny,Morning,Urban,Male,Child,Vest
14,60,5,Cloudy,Afternoon,Coastal,Male,Teen,Coat
20,20,11,Winter,Night,Coastal,Male,Child,Coat
11,21,39,Cloudy,Night,Rural,Male,Adult,Sweater
21,83,35,Cloudy,Afternoon,Rural,Female,Senior,Salwar Suit
27,17,14,Winter,Evening,Urban,Female,Senior,Sweater
30,33,27,Cloudy,Afternoon,Rural,Male,Senior,Kurta
25,50,17,Winter,Evening,Urban,Male,Child,Sweater
26,45,1,Cloudy,Afternoon,Rural,Male,Teen,T-shirt
11,94,12,Winter,Afternoon,Rural,Female,Child,Sweater
18,81,14,Cloudy,Afternoon,Rural,Female,Senior,Salwar Suit
19,64,19,Winter,Night,Coastal,Female,Adult,Winter Coat
11,18,28,Sunny,Morning,Coastal,Male,Teen,Jacket
13,56,28,Winter,Afternoon,Urban,Female,Child,Winter Coat
12,24,2,Cloudy,Night,Rural,Female,Child,Sweater
27,57,18,Cloudy,Morning,Urban,Female,Teen,Top with Jeans
33,91,2,Rainy,Morning,Rural,Female,Teen,Raincoat
22,51,13,Winter,Afternoon,Coastal,Female,Adult,Sweater
35,69,39,Sunny,Evening,Coastal,Male,Teen,Shirt with Jeans
34,93,3,Winter,Evening,Rural,Male,Adult,Coat
43,79,10,Winter,Evening,Rural,Male,Senior,Jacket
39,21,30,Sunny,Afternoon,Coastal,Male,Senior,T-shirt
22,11,31,Winter,Evening,Coastal,Female,Child,Sweater
43,16,26,Sunny,Night,Urban,Male,Senior,T-shirt
21,89,29,Sunny,Night,Coastal,Male,Senior,Shirt with Jeans
18,12,1,Winter,Night,Rural,Male,Adult,Sweater
35,12,8,Winter,Night,Urban,Female,Child,Sweater
28,36,27,Cloudy,Morning,Rural,Male,Teen,Kurta
39,49,30,Cloudy,Night,Urban,Female,Child,Sleeveless Top
38,42,33,Rainy,Evening,Rural,Female,Senior,Raincoat
7,10,14,Rainy,Afternoon,Coastal,Female,Teen,Winter Coat
41,17,24,Winter,Evening,Rural,Male,Child,Coat
44,41,35,Sunny,Night,Urban,Female,Child,Sleeveless Top
30,57,7,Rainy,Morning,Rural,Male,Child,Raincoat
27,13,8,Winter,Night,Urban,Male,Child,Coat
43,79,36,Rainy,Afternoon,Rural,Male,Adult,Raincoat
19,28,38,Sunny,Evening,Coastal,Female,Child,Top with Jeans
8,41,31,Winter,Afternoon,Coastal,Female,Senior,Sweater
33,18,16,Sunny,Afternoon,Rural,Male,Senior,Shirt with Jeans
26,21,34,Winter,Afternoon,Rural,Female,Adult,Sweater
29,20,36,Rainy,Evening,Rural,Female,Teen,Raincoat
17,55,18,Cloudy,Night,Urban,Female,Teen,Kurti with Leggings
22,25,28,Rainy,Afternoon,Rural,Male,Senior,Raincoat
37,10,6,Rainy,Evening,Rural,Female,Senior,Raincoat
20,72,27,Cloudy,Morning,Urban,Female,Adult,Top with Jeans
6,30,8,Cloudy,Evening,Coastal,Male,Teen,Jacket
39,39,27,Winter,Morning,Rural,Female,Teen,Sweater
38,22,5,Winter,Evening,Rural,Male,Child,Coat
34,43,28,Sunny,Night,Coastal,Female,Child,Salwar Suit
17,13,16,Sunny,Afternoon,Coastal,Female,Child,Kurti with Leggings
17,37,15,Rainy,Night,Urban,Female,Adult,Raincoat
22,68,22,Cloudy,Evening,Rural,Female,Senior,Top with Jeans
36,36,30,Sunny,Afternoon,Rural,Female,Adult,Summer Dress
36,78,2,Rainy,Morning,Urban,Female,Teen,Raincoat
39,34,20,Cloudy,Evening,Coastal,Male,Senior,T-shirt
43,12,25,Winter,Afternoon,Urban,Female,Child,Sweater
33,77,35,Rainy,Morning,Coastal,Female,Adult,Raincoat
33,34,36,Winter,Morning,Urban,Female,Adult,Sweater
20,29,21,Sunny,Night,Coastal,Male,Child,Shirt with Jeans
14,43,11,Sunny,Evening,Urban,Male,Adult,Sweater
34,35,12,Cloudy,Morning,Coastal,Male,Child,T-shirt
29,14,10,Rainy,Afternoon,Coastal,Female,Teen,Raincoat
43,70,15,Winter,Morning,Coastal,Female,Senior,Sweater
24,18,7,Cloudy,Morning,Coastal,Male,Teen,Shirt with Jeans
9,59,39,Sunny,Night,Coastal,Male,Teen,Coat
5,15,39,Sunny,Night,Rural,Male,Child,Coat
34,92,1,Rainy,Afternoon,Coastal,Female,Adult,Raincoat
7,69,29,Winter,Night,Rural,Male,Teen,Sweater
18,53,29,Rainy,Morning,Coastal,Female,Teen,Raincoat
34,20,11,Winter,Morning,Rural,Female,Teen,Woolen Kurti
8,75,9,Winter,Night,Rural,Female,Adult,Winter Coat
22,56,10,Rainy,Morning,Urban,Male,Adult,Raincoat
41,82,14,Cloudy,Morning,Coastal,Female,Child,Summer Dress
29,94,15,Rainy,Afternoon,Urban,Male,Teen,Raincoat
5,97,16,Rainy,Night,Urban,Male,Senior,Coat
19,95,25,Sunny,Morning,Coastal,Male,Adult,Shirt with Jeans
13,12,1,Sunny,Night,Urban,Male,Child,Sweater
19,85,11,Rainy,Afternoon,Coastal,Female,Teen,Raincoat
28,39,25,Rainy,Night,Urban,Female,Senior,Raincoat
8,99,22,Sunny,Morning,Coastal,Female,Adult,Woolen Kurti
16,30,17,Winter,Night,Coastal,Female,Senior,Winter Coat
41,37,31,Rainy,Morning,Coastal,Male,Adult,Raincoat
41,99,37,Cloudy,Morning,Rural,Male,Child,Shorts
10,71,2,Cloudy,Morning,Urban,Male,Senior,Coat
43,42,37,Cloudy,Afternoon,Rural,Male,Teen,Shorts
28,94,2,Rainy,Night,Urban,Female,Teen,Raincoat
15,44,29,Winter,Afternoon,Urban,Male,Adult,Sweater
17,61,0,Winter,Night,Urban,Female,Teen,Winter Coat
38,43,29,Sunny,Afternoon,Rural,Male,Senior,T-shirt
29,50,31,Rainy,Evening,Urban,Male,Child,Raincoat
11,60,27,Winter,Morning,Rural,Male,Adult,Jacket
8,56,20,Rainy,Morning,Coastal,Male,Senior,Jacket
12,91,12,Sunny,Afternoon,Urban,Female,Adult,Winter Coat
24,67,26,Sunny,Evening,Urban,Female,Child,Kurti with Leggings
33,84,35,Sunny,Morning,Coastal,Female,Adult,Top with Jeans
14,66,6,Cloudy,Night,Coastal,Female,Teen,Woolen Kurti
38,32,21,Rainy,Afternoon,Urban,Male,Teen,Raincoat
30,57,9,Sunny,Morning,Coastal,Male,Adult,Shirt with Jeans
7,31,38,Rainy,Morning,Rural,Female,Child,Sweater
10,26,14,Cloudy,Afternoon,Rural,Female,Child,Winter Coat
9,78,14,Cloudy,Afternoon,Urban,Male,Teen,Coat
9,20,3,Sunny,Night,Rural,Male,Child,Coat
27,24,31,Sunny,Night,Rural,Female,Adult,Kurti with Leggings
13,44,22,Winter,Morning,Urban,Female,Senior,Winter Coat
39,42,5,Rainy,Morning,Coastal,Female,Adult,Raincoat
24,93,23,Sunny,Afternoon,Urban,Male,Teen,Shirt with Jeans
39,25,19,Winter,Morning,Rural,Female,Teen,Woolen Kurti
22,43,36,Rainy,Morning,Urban,Female,Teen,Raincoat
21,75,19,Sunny,Afternoon,Urban,Female,Child,Top with Jeans
28,49,11,Winter,Morning,Rural,Female,Adult,Woolen Kurti
7,37,32,Winter,Morning,Rural,Female,Senior,Winter Coat
36,56,27,Rainy,Evening,Urban,Male,Adult,Raincoat
39,48,7,Winter,Night,Rural,Female,Senior,Winter Coat
42,79,0,Rainy,Afternoon,Rural,Male,Adult,Raincoat
17,82,36,Rainy,Evening,Rural,Female,Teen,Raincoat
29,29,21,Rainy,Night,Rural,Female,Senior,Raincoat
13,10,5,Cloudy,Night,Rural,Female,Adult,Woolen Kurti
8,81,20,Winter,Night,Rural,Male,Child,Sweater
18,96,31,Rainy,Evening,Coastal,Male,Child,Raincoat
41,72,34,Sunny,Evening,Urban,Male,Adult,Vest
38,76,14,Cloudy,Night,Rural,Female,Teen,Summer Dress
15,13,4,Cloudy,Morning,Urban,Female,Senior,Top with Jeans
7,67,5,Winter,Morning,Coastal,Male,Adult,Coat
32,34,24,Rainy,Evening,Rural,Male,Child,Raincoat
33,56,39,Winter,Evening,Urban,Female,Senior,Winter Coat
13,47,28,Cloudy,Evening,Rural,Male,Child,Coat
7,24,6,Rainy,Night,Rural,Female,Child,Woolen Kurti
29,72,39,Sunny,Morning,Rural,Male,Adult,Shirt with Jeans
38,30,12,Rainy,Evening,Rural,Male,Child,Raincoat
16,66,37,Cloudy,Evening,Rural,Male,Senior,Shirt with Jeans
13,62,17,Sunny,Afternoon,Rural,Female,Teen,Winter Coat
19,55,1,Rainy,Night,Rural,Female,Adult,Raincoat
44,23,7,Sunny,Afternoon,Coastal,Male,Senior,Vest
29,85,10,Sunny,Morning,Coastal,Female,Adult,Top with Jeans
9,26,32,Cloudy,Afternoon,Rural,Female,Child,Sweater
15,48,37,Sunny,Afternoon,Rural,Female,Child,Kurti with Leggings
38,18,26,Winter,Afternoon,Coastal,Female,Senior,Winter Coat
28,86,19,Cloudy,Night,Coastal,Male,Senior,Shirt with Jeans
19,88,11,Winter,Morning,Coastal,Female,Teen,Winter Coat
42,91,30,Sunny,Afternoon,Rural,Female,Senior,Summer Dress
12,15,26,Winter,Night,Urban,Male,Senior,Jacket
9,32,31,Rainy,Morning,Urban,Female,Adult,Winter Coat
30,68,9,Sunny,Evening,Urban,Female,Child,Salwar Suit
22,55,2,Rainy,Afternoon,Urban,Female,Senior,Raincoat
10,47,26,Winter,Morning,Rural,Male,Teen,Sweater
41,23,34,Rainy,Afternoon,Urban,Male,Senior,Raincoat
17,81,30,Sunny,Evening,Coastal,Female,Child,Salwar Suit
32,71,14,Rainy,Morning,Coastal,Female,Senior,Raincoat
9,44,15,Winter,Night,Urban,Male,Adult,Coat
17,28,12,Winter,Morning,Coastal,Male,Child,Sweater
21,39,34,Winter,Night,Rural,Male,Senior,Jacket
44,87,10,Sunny,Morning,Urban,Female,Adult,Sleeveless Top
36,93,20,Winter,Night,Urban,Female,Child,Woolen Kurti
33,34,10,Sunny,Evening,Rural,Male,Senior,Kurta
7,49,29,Rainy,Evening,Coastal,Female,Adult,Sweater
44,97,34,Winter,Evening,Rural,Female,Teen,Sweater
38,23,21,Rainy,Morning,Rural,Female,Adult,Raincoat
44,35,37,Cloudy,Evening,Coastal,Female,Teen,Sleeveless Top
31,96,30,Rainy,Afternoon,Rural,Female,Senior,Raincoat
17,31,13,Cloudy,Evening,Coastal,Female,Adult,Top with Jeans
37,57,23,Rainy,Night,Coastal,Female,Teen,Raincoat
10,92,31,Sunny,Night,Rural,Male,Child,Coat
28,60,35,Rainy,Night,Coastal,Male,Adult,Raincoat
23,12,31,Sunny,Morning,Rural,Male,Senior,Kurta
20,51,14,Sunny,Afternoon,Coastal,Male,Child,T-shirt
44,28,34,Winter,Evening,Urban,Male,Teen,Sweater
32,82,2,Sunny,Afternoon,Coastal,Male,Adult,T-shirt
37,37,15,Cloudy,Afternoon,Coastal,Male,Adult,T-shirt
17,93,4,Winter,Night,Rural,Male,Senior,Sweater
29,54,20,Winter,Night,Coastal,Male,Child,Sweater
40,80,9,Rainy,Night,Urban,Female,Adult,Raincoat
31,87,18,Sunny,Morning,Urban,Female,Adult,Top with Jeans
42,72,24,Sunny,Afternoon,Coastal,Male,Child,T-shirt
11,82,3,Cloudy,Afternoon,Coastal,Female,Adult,Sweater
9,28,28,Rainy,Morning,Urban,Female,Child,Winter Coat
35,56,18,Rainy,Morning,Rural,Male,Child,Raincoat
27,23,1,Winter,Morning,Urban,Male,Child,Sweater
14,47,9,Winter,Afternoon,Urban,Male,Senior,Jacket
36,62,24,Winter,Afternoon,Coastal,Female,Child,Winter Coat
34,70,19,Cloudy,Night,Coastal,Female,Child,Top with Jeans
43,45,18,Cloudy,Night,Urban,Male,Teen,Vest
35,49,22,Winter,Afternoon,Rural,Female,Teen,Woolen Kurti
22,90,23,Rainy,Night,Urban,Female,Senior,Raincoat
40,39,10,Cloudy,Morning,Urban,Female,Child,Kurti
6,18,33,Rainy,Evening,Rural,Male,Teen,Jacket
18,73,27,Rainy,Night,Urban,Female,Teen,Raincoat
17,42,4,Sunny,Afternoon,Urban,Female,Adult,Top with Jeans
33,61,4,Winter,Night,Coastal,Female,Child,Woolen Kurti
16,98,20,Sunny,Night,Rural,Female,Teen,Top with Jeans
43,23,11,Winter,Night,Coastal,Female,Senior,Winter Coat
6,84,3,Winter,Evening,Coastal,Female,Adult,Sweater
36,62,19,Rainy,Morning,Rural,Female,Adult,Raincoat
17,68,37,Winter,Afternoon,Rural,Male,Child,Sweater
31,87,24,Rainy,Evening,Urban,Male,Child,Raincoat
21,50,13,Rainy,Afternoon,Coastal,Female,Adult,Raincoat
44,77,10,Winter,Afternoon,Rural,Male,Senior,Coat
35,77,31,Rainy,Afternoon,Coastal,Female,Child,Raincoat
38,17,10,Rainy,Evening,Coastal,Female,Child,Raincoat
28,11,17,Rainy,Morning,Rural,Female,Adult,Raincoat
39,95,26,Cloudy,Afternoon,Urban,Male,Adult,T-shirt
10,50,17,Rainy,Morning,Coastal,Female,Child,Woolen Kurti
23,64,22,Cloudy,Morning,Rural,Female,Teen,Kurti with Leggings
34,25,10,Cloudy,Night,Urban,Male,Child,T-shirt
11,71,20,Rainy,Evening,Coastal,Male,Teen,Coat
14,57,4,Rainy,Evening,Rural,Female,Adult,Sweater
36,39,22,Cloudy,Night,Coastal,Male,Teen,Vest
38,21,24,Cloudy,Night,Rural,Male,Senior,Shorts
32,44,9,Rainy,Morning,Rural,Female,Adult,Raincoat
19,20,21,Rainy,Afternoon,Coastal,Female,Child,Raincoat
34,73,18,Winter,Evening,Coastal,Female,Child,Winter Coat
41,59,0,Cloudy,Afternoon,Rural,Male,Adult,Shorts
33,94,6,Cloudy,Afternoon,Urban,Male,Adult,Shirt with Jeans
26,30,3,Winter,Night,Coastal,Male,Senior,Jacket
8,78,0,Cloudy,Afternoon,Rural,Female,Adult,Woolen Kurti
24,57,14,Sunny,Morning,Rural,Male,Child,T-shirt
36,29,39,Cloudy,Night,Urban,Male,Senior,T-shirt
40,76,11,Winter,Afternoon,Urban,Female,Child,Woolen Kurti
8,53,21,Sunny,Night,Urban,Female,Teen,Winter Coat
31,42,21,Rainy,Morning,Coastal,Female,Adult,Raincoat
21,82,16,Winter,Morning,Rural,Male,Teen,Coat
16,70,28,Winter,Afternoon,Rural,Female,Child,Sweater
26,18,13,Rainy,Night,Rural,Male,Teen,Raincoat
21,77,19,Winter,Afternoon,Urban,Male,Teen,Jacket
14,44,32,Cloudy,Afternoon,Rural,Female,Child,Sweater
5,90,14,Rainy,Night,Coastal,Female,Child,Sweater
26,97,11,Winter,Afternoon,Urban,Female,Adult,Sweater
30,74,39,Rainy,Morning,Urban,Female,Teen,Raincoat
22,17,19,Rainy,Night,Urban,Female,Senior,Raincoat
18,54,29,Rainy,Night,Urban,Male,Senior,Raincoat
33,96,37,Sunny,Night,Coastal,Male,Child,Kurta
16,56,2,Winter,Night,Rural,Male,Child,Coat
40,49,27,Sunny,Afternoon,Coastal,Female,Teen,Summer Dress
39,85,25,Winter,Afternoon,Rural,Male,Child,Sweater
16,63,29,Cloudy,Morning,Coastal,Female,Senior,Salwar Suit
11,85,12,Cloudy,Evening,Urban,Female,Adult,Winter Coat
33,55,12,Cloudy,Evening,Urban,Male,Adult,Kurta
15,56,1,Winter,Morning,Coastal,Male,Teen,Jacket
37,24,36,Rainy,Evening,Coastal,Female,Adult,Raincoat
10,28,37,Rainy,Morning,Rural,Male,Child,Coat
19,35,1,Sunny,Afternoon,Coastal,Female,Child,Salwar Suit
36,61,35,Sunny,Night,Coastal,Male,Child,T-shirt
15,31,25,Cloudy,Night,Rural,Male,Child,Kurta
