Temperature,Humidity,Weather,WindSpeed,TimeOfDay,LocationType,Outfit,Gender,AgeGroup
11,26,Winter,19,Evening,Urban,Sweater,Female,Adult
40,58,Rainy,20,Day,Rural,Light Dress,Male,Senior
19,21,Winter,21,Day,Rural,Dress,Female,Teen
10,21,Sunny,31,Morning,Urban,Hoodie,Male,Senior
12,96,Sunny,19,Morning,Urban,Sweater,Male,Adult
28,72,Winter,33,Evening,Urban,Dress,Male,Child
33,92,Sunny,17,Day,Urban,Cotton Dress,Male,Adult
12,29,Rainy,17,Night,Rural,Sweater,Female,Teen
42,100,Cloudy,13,Night,Urban,Loose T-shirt,Male,Senior
11,33,Rainy,16,Day,Urban,Light Jacket,Male,Senior
7,73,Winter,0,Morning,Urban,Sweater,Male,Teen
14,56,Sunny,14,Morning,Coastal,Sweater,Female,Child
38,60,Sunny,5,Day,Urban,Shorts,Male,Senior
40,72,Rainy,28,Day,Urban,Loose T-shirt,Male,Child
32,89,Sunny,31,Evening,Urban,Cotton Dress,Male,Teen
9,46,Rainy,30,Night,Coastal,Hoodie,Female,Adult
34,65,Rainy,20,Night,Rural,T-shirt,Female,Child
35,71,Sunny,7,Day,Rural,Cotton Dress,Female,Child
44,58,Sunny,28,Day,Coastal,Light Dress,Female,Child
24,78,Rainy,19,Morning,Coastal,Rubber Boots,Male,Senior
17,20,Rainy,9,Day,Coastal,Rubber Boots,Male,Senior
11,93,Cloudy,6,Morning,Rural,Sweater,Male,Teen
12,99,Cloudy,39,Morning,Rural,Sweater,Male,Senior
5,61,Winter,37,Evening,Urban,Thermal Wear,Female,Senior
38,66,Winter,23,Day,Rural,Light Dress,Female,Teen
20,34,Rainy,29,Night,Urban,Windbreaker,Female,Senior
32,96,Winter,13,Morning,Urban,Loose T-shirt,Male,Senior
29,26,Winter,14,Evening,Coastal,Light Dress,Male,Teen
20,49,Rainy,3,Day,Urban,Windbreaker,Male,Adult
30,52,Sunny,7,Evening,Coastal,T-shirt,Female,Adult
10,52,Sunny,1,Night,Rural,Light Jacket,Male,Child
30,60,Sunny,27,Night,Coastal,T-shirt,Male,Adult
39,59,Cloudy,34,Evening,Urban,Shorts,Male,Teen
21,33,Winter,9,Morning,Urban,Kurta,Male,Child
19,34,Sunny,36,Morning,Rural,Kurta,Female,Adult
35,70,Rainy,19,Night,Urban,Light Dress,Male,Teen
11,96,Cloudy,11,Morning,Rural,Light Jacket,Male,Adult
44,51,Sunny,21,Night,Rural,Shorts,Female,Senior
12,65,Sunny,25,Morning,Urban,Sweater,Female,Teen
22,45,Cloudy,7,Evening,Urban,Kurta,Female,Teen
36,44,Cloudy,0,Day,Rural,Light Dress,Female,Teen
39,85,Sunny,3,Evening,Rural,Shorts,Female,Child
16,39,Winter,22,Evening,Coastal,Shirt with Jeans,Male,Child
5,91,Cloudy,23,Night,Urban,Sweater with Jacket,Male,Adult
36,27,Sunny,24,Evening,Rural,T-shirt,Female,Adult
9,51,Sunny,34,Day,Coastal,Hoodie,Female,Adult
6,42,Rainy,14,Day,Coastal,Light Jacket,Male,Adult
13,38,Sunny,25,Evening,Coastal,Hoodie,Male,Senior
38,82,Cloudy,5,Morning,Coastal,Cotton Dress,Female,Child
21,61,Cloudy,7,Night,Urban,Shirt with Jeans,Male,Teen
14,86,Rainy,28,Evening,Rural,Hoodie,Female,Adult
5,28,Sunny,2,Night,Rural,Thermal Wear,Male,Teen
21,74,Winter,0,Morning,Coastal,Kurta,Male,Adult
18,98,Cloudy,4,Evening,Urban,Dress,Male,Adult
38,59,Rainy,39,Evening,Urban,T-shirt,Female,Senior
27,29,Rainy,33,Morning,Urban,Rubber Boots,Male,Child
24,38,Cloudy,8,Night,Coastal,Shirt with Jeans,Female,Child
35,25,Cloudy,24,Night,Coastal,T-shirt,Male,Child
6,58,Cloudy,34,Day,Coastal,Light Jacket,Male,Child
40,37,Cloudy,9,Evening,Rural,Light Dress,Female,Senior
36,85,Sunny,2,Evening,Coastal,Loose T-shirt,Male,Senior
40,87,Rainy,4,Day,Coastal,Cotton Dress,Female,Adult
35,73,Cloudy,19,Evening,Urban,Cotton Dress,Female,Child
25,89,Rainy,15,Night,Urban,Raincoat,Male,Senior
40,34,Cloudy,5,Day,Rural,Shorts,Male,Senior
21,60,Rainy,21,Morning,Coastal,Windbreaker,Male,Child
37,46,Rainy,3,Evening,Coastal,Light Dress,Female,Teen
16,44,Sunny,20,Day,Rural,Kurta,Male,Adult
24,33,Sunny,14,Evening,Coastal,Shirt with Jeans,Male,Child
32,71,Cloudy,14,Day,Coastal,Shorts,Male,Adult
18,21,Winter,23,Night,Urban,Shirt with Jeans,Female,Adult
35,35,Rainy,16,Night,Rural,Shorts,Female,Adult
15,63,Cloudy,31,Day,Coastal,Light Jacket,Male,Child
38,58,Winter,40,Night,Urban,T-shirt,Male,Adult
40,98,Winter,20,Evening,Urban,Shorts,Male,Teen
10,74,Rainy,26,Night,Coastal,Sweater,Male,Adult
21,79,Rainy,34,Evening,Urban,Windbreaker,Female,Child
45,26,Rainy,21,Day,Urban,Light Dress,Male,Child
23,45,Sunny,6,Morning,Urban,Dress,Female,Child
20,31,Rainy,34,Day,Urban,Windbreaker,Female,Teen
8,96,Winter,9,Night,Rural,Hoodie,Male,Teen
34,56,Sunny,32,Night,Coastal,T-shirt,Female,Adult
12,99,Sunny,34,Evening,Rural,Hoodie,Female,Senior
37,84,Rainy,3,Day,Rural,Cotton Dress,Female,Child
42,98,Winter,10,Night,Coastal,Loose T-shirt,Male,Adult
44,86,Winter,30,Evening,Urban,Shorts,Female,Senior
38,93,Rainy,34,Evening,Urban,Cotton Dress,Female,Teen
6,72,Sunny,24,Day,Coastal,Hoodie,Male,Child
5,20,Cloudy,29,Night,Urban,Wool Coat,Female,Child
8,40,Rainy,35,Night,Coastal,Hoodie,Male,Senior
22,62,Winter,24,Day,Rural,Dress,Male,Adult
10,37,Rainy,13,Day,Coastal,Sweater,Female,Senior
26,57,Rainy,9,Day,Coastal,Windbreaker,Female,Teen
5,63,Cloudy,4,Evening,Urban,Thermal Wear,Male,Child
40,46,Winter,10,Morning,Rural,Light Dress,Female,Adult
41,49,Rainy,16,Morning,Coastal,Shorts,Male,Child
32,57,Rainy,19,Morning,Rural,Shorts,Male,Senior
6,20,Rainy,18,Evening,Coastal,Light Jacket,Male,Child
13,35,Sunny,2,Morning,Urban,Light Jacket,Male,Senior
35,56,Winter,25,Morning,Rural,T-shirt,Female,Child
6,77,Rainy,4,Night,Rural,Sweater,Female,Adult
6,78,Cloudy,35,Night,Rural,Light Jacket,Female,Adult
19,69,Sunny,38,Morning,Coastal,Dress,Female,Senior
8,70,Winter,20,Evening,Rural,Sweater,Female,Child
42,32,Rainy,32,Night,Coastal,Shorts,Female,Child
16,72,Winter,5,Evening,Rural,Dress,Female,Child
10,98,Rainy,19,Evening,Urban,Hoodie,Female,Adult
41,42,Rainy,29,Day,Urban,T-shirt,Male,Child
40,79,Rainy,34,Evening,Urban,Shorts,Female,Senior
23,41,Rainy,27,Night,Urban,Raincoat,Male,Adult
36,81,Sunny,35,Night,Urban,Loose T-shirt,Male,Child
12,81,Sunny,13,Day,Urban,Light Jacket,Female,Teen
8,65,Sunny,9,Night,Urban,Sweater,Female,Teen
13,20,Winter,10,Evening,Coastal,Light Jacket,Female,Senior
17,26,Rainy,19,Night,Urban,Raincoat,Male,Teen
20,84,Rainy,24,Evening,Rural,Rubber Boots,Male,Child
34,85,Winter,7,Day,Urban,Shorts,Male,Teen
39,79,Cloudy,16,Day,Coastal,Shorts,Male,Senior
19,96,Cloudy,22,Day,Rural,Shirt with Jeans,Male,Teen
34,57,Winter,5,Evening,Rural,Light Dress,Female,Adult
14,36,Rainy,31,Morning,Urban,Sweater,Female,Senior
6,76,Sunny,21,Morning,Rural,Sweater,Male,Senior
13,67,Winter,12,Morning,Coastal,Sweater,Male,Child
41,40,Cloudy,28,Night,Coastal,T-shirt,Female,Senior
16,91,Sunny,8,Night,Rural,Shirt with Jeans,Male,Teen
10,27,Cloudy,18,Day,Coastal,Sweater,Female,Senior
25,90,Winter,1,Night,Urban,Dress,Male,Child
27,48,Winter,38,Evening,Coastal,Dress,Female,Senior
25,63,Sunny,37,Evening,Coastal,Kurta,Male,Teen
22,50,Rainy,29,Morning,Rural,Raincoat,Female,Child
22,71,Sunny,11,Morning,Rural,Shirt with Jeans,Female,Teen
22,87,Sunny,11,Evening,Rural,Dress,Female,Teen
45,59,Cloudy,40,Morning,Urban,Shorts,Male,Senior
27,71,Cloudy,18,Night,Rural,Kurta,Female,Teen
6,49,Rainy,11,Day,Coastal,Light Jacket,Male,Child
12,40,Winter,19,Evening,Urban,Light Jacket,Male,Teen
37,79,Winter,2,Evening,Coastal,Shorts,Male,Adult
35,53,Sunny,15,Evening,Coastal,Light Dress,Male,Child
12,36,Sunny,39,Morning,Urban,Light Jacket,Female,Senior
44,37,Sunny,28,Evening,Coastal,Light Dress,Female,Adult
7,65,Cloudy,6,Evening,Coastal,Light Jacket,Female,Senior
43,58,Rainy,39,Evening,Urban,Shorts,Female,Senior
18,43,Cloudy,40,Night,Urban,Kurta,Female,Adult
40,63,Sunny,4,Evening,Rural,Light Dress,Male,Child
41,95,Winter,7,Morning,Coastal,Cotton Dress,Female,Senior
5,49,Rainy,22,Night,Urban,Wool Coat,Male,Teen
10,99,Cloudy,29,Morning,Urban,Sweater,Male,Senior
14,73,Winter,16,Evening,Rural,Light Jacket,Female,Teen
20,31,Cloudy,26,Day,Urban,Dress,Male,Adult
42,34,Cloudy,29,Day,Coastal,Shorts,Male,Senior
26,73,Winter,23,Day,Urban,Shirt with Jeans,Male,Child
41,69,Winter,35,Morning,Urban,Light Dress,Female,Child
44,25,Rainy,37,Night,Rural,Light Dress,Female,Adult
20,32,Winter,39,Day,Urban,Kurta,Female,Child
29,93,Winter,6,Day,Rural,Shorts,Female,Senior
26,54,Winter,3,Day,Coastal,Kurta,Female,Teen
25,57,Cloudy,15,Night,Rural,Dress,Male,Teen
12,77,Sunny,5,Day,Urban,Light Jacket,Male,Senior
36,70,Sunny,2,Morning,Coastal,Shorts,Female,Adult
14,45,Cloudy,31,Day,Rural,Hoodie,Female,Teen
6,100,Sunny,32,Day,Urban,Hoodie,Male,Senior
18,89,Winter,36,Day,Rural,Kurta,Female,Adult
16,73,Winter,26,Night,Coastal,Kurta,Male,Teen
42,52,Rainy,31,Morning,Urban,Shorts,Male,Adult
20,84,Cloudy,4,Morning,Coastal,Shirt with Jeans,Male,Child
36,97,Rainy,6,Morning,Urban,Cotton Dress,Male,Senior
7,87,Winter,29,Evening,Coastal,Hoodie,Male,Senior
31,51,Rainy,40,Day,Urban,T-shirt,Male,Teen
43,80,Sunny,35,Day,Coastal,Loose T-shirt,Female,Senior
28,51,Sunny,27,Night,Rural,Kurta,Female,Child
21,70,Cloudy,25,Evening,Coastal,Dress,Male,Child
33,49,Rainy,12,Day,Coastal,Shorts,Female,Teen
13,53,Rainy,38,Morning,Rural,Light Jacket,Male,Teen
21,60,Cloudy,12,Day,Rural,Dress,Female,Child
27,71,Sunny,23,Day,Urban,Dress,Female,Teen
18,21,Cloudy,24,Night,Rural,Dress,Male,Child
34,96,Rainy,17,Day,Urban,Cotton Dress,Female,Teen
8,85,Cloudy,38,Night,Urban,Light Jacket,Male,Adult
16,41,Winter,11,Morning,Coastal,Dress,Female,Senior
23,68,Cloudy,32,Night,Rural,Dress,Female,Child
39,97,Sunny,9,Evening,Rural,Shorts,Female,Child
21,97,Winter,32,Morning,Urban,Shirt with Jeans,Male,Adult
24,83,Rainy,18,Night,Rural,Rubber Boots,Male,Adult
19,70,Sunny,3,Evening,Coastal,Kurta,Male,Teen
40,25,Cloudy,16,Morning,Urban,T-shirt,Male,Senior
36,24,Sunny,40,Evening,Urban,Light Dress,Female,Teen
12,83,Rainy,19,Morning,Urban,Light Jacket,Male,Child
45,51,Winter,5,Night,Coastal,Shorts,Male,Adult
20,63,Rainy,22,Evening,Rural,Raincoat,Male,Child
13,75,Winter,4,Day,Coastal,Light Jacket,Female,Senior
17,49,Rainy,36,Day,Urban,Rubber Boots,Female,Teen
16,20,Cloudy,39,Night,Coastal,Shirt with Jeans,Male,Teen
13,72,Winter,35,Day,Coastal,Light Jacket,Male,Teen
31,33,Rainy,15,Morning,Urban,T-shirt,Female,Child
13,71,Winter,22,Evening,Urban,Sweater,Female,Senior
14,94,Winter,11,Day,Coastal,Sweater,Female,Child
15,79,Winter,36,Morning,Urban,Light Jacket,Female,Senior
35,67,Sunny,3,Night,Coastal,T-shirt,Female,Child
22,66,Cloudy,25,Evening,Coastal,Shirt with Jeans,Male,Child
41,52,Sunny,15,Evening,Coastal,T-shirt,Female,Child
31,70,Winter,13,Day,Coastal,T-shirt,Female,Teen
14,81,Rainy,12,Day,Rural,Light Jacket,Female,Child
43,63,Winter,3,Day,Coastal,T-shirt,Female,Teen
38,72,Winter,35,Day,Urban,Shorts,Female,Senior
25,97,Rainy,15,Day,Urban,Windbreaker,Female,Child
40,27,Cloudy,32,Evening,Urban,Light Dress,Male,Child
26,88,Rainy,37,Morning,Coastal,Windbreaker,Male,Teen
17,60,Rainy,6,Day,Urban,Rubber Boots,Female,Child
13,83,Rainy,7,Night,Coastal,Light Jacket,Female,Child
42,89,Rainy,16,Night,Urban,Shorts,Male,Adult
33,53,Sunny,28,Morning,Coastal,T-shirt,Female,Child
35,95,Cloudy,33,Evening,Rural,Cotton Dress,Female,Teen
26,90,Sunny,31,Morning,Coastal,Dress,Female,Senior
17,60,Rainy,39,Night,Rural,Rubber Boots,Male,Child
19,39,Sunny,28,Morning,Coastal,Shirt with Jeans,Female,Child
5,45,Cloudy,23,Day,Coastal,Wool Coat,Female,Adult
37,38,Rainy,19,Morning,Coastal,Light Dress,Male,Adult
7,39,Cloudy,6,Day,Rural,Sweater,Male,Senior
21,82,Cloudy,9,Evening,Urban,Shirt with Jeans,Male,Teen
26,72,Sunny,30,Night,Urban,Shirt with Jeans,Female,Child
12,68,Cloudy,27,Evening,Urban,Hoodie,Female,Child
7,21,Cloudy,27,Evening,Coastal,Hoodie,Male,Adult
6,58,Rainy,13,Morning,Coastal,Sweater,Female,Teen
35,56,Cloudy,21,Night,Urban,Shorts,Male,Senior
5,53,Sunny,2,Day,Urban,Wool Coat,Male,Child
5,84,Sunny,20,Day,Rural,Wool Coat,Female,Child
17,48,Cloudy,25,Morning,Rural,Shirt with Jeans,Female,Senior
25,53,Rainy,35,Evening,Rural,Rubber Boots,Female,Child
8,57,Winter,39,Night,Coastal,Light Jacket,Female,Senior
6,66,Rainy,34,Evening,Rural,Sweater,Female,Adult
10,93,Sunny,33,Morning,Rural,Light Jacket,Male,Child
19,46,Rainy,23,Evening,Urban,Windbreaker,Male,Child
33,56,Rainy,24,Day,Coastal,T-shirt,Female,Adult
36,46,Rainy,3,Evening,Urban,Shorts,Female,Senior
7,80,Winter,36,Morning,Rural,Light Jacket,Male,Senior
6,41,Cloudy,37,Evening,Urban,Sweater,Male,Senior
45,26,Cloudy,9,Morning,Urban,Light Dress,Male,Adult
14,83,Cloudy,37,Night,Rural,Light Jacket,Female,Teen
27,89,Winter,7,Morning,Urban,Dress,Female,Teen
20,39,Winter,25,Morning,Urban,Shirt with Jeans,Male,Teen
41,79,Cloudy,25,Morning,Rural,Loose T-shirt,Female,Senior
39,91,Cloudy,20,Night,Urban,Loose T-shirt,Male,Teen
27,67,Rainy,6,Night,Urban,Rubber Boots,Male,Adult
43,69,Winter,18,Night,Coastal,Light Dress,Female,Adult
42,51,Sunny,11,Day,Urban,T-shirt,Female,Teen
12,31,Cloudy,30,Evening,Rural,Sweater,Female,Adult
31,89,Cloudy,25,Day,Urban,Loose T-shirt,Male,Senior
16,80,Sunny,31,Morning,Urban,Kurta,Male,Child
15,48,Cloudy,29,Night,Coastal,Sweater,Male,Senior
38,61,Winter,0,Evening,Urban,Light Dress,Female,Senior
44,79,Sunny,5,Night,Coastal,Cotton Dress,Male,Senior
7,61,Cloudy,11,Night,Rural,Sweater,Female,Child
39,21,Sunny,34,Morning,Urban,T-shirt,Male,Child
13,46,Rainy,21,Night,Urban,Light Jacket,Female,Teen
16,48,Cloudy,31,Night,Urban,Shirt with Jeans,Female,Child
27,89,Winter,17,Evening,Coastal,Kurta,Female,Adult
7,63,Sunny,11,Day,Coastal,Light Jacket,Male,Child
37,26,Rainy,7,Evening,Coastal,T-shirt,Female,Child
36,75,Winter,6,Morning,Urban,Cotton Dress,Male,Adult
38,66,Cloudy,26,Morning,Rural,Shorts,Female,Senior
6,41,Sunny,35,Day,Coastal,Hoodie,Male,Child
22,94,Rainy,0,Day,Urban,Rubber Boots,Female,Adult
6,73,Sunny,15,Day,Coastal,Sweater,Male,Teen
41,74,Winter,39,Morning,Coastal,Shorts,Male,Child
29,28,Sunny,37,Morning,Rural,Shorts,Male,Senior
35,65,Rainy,6,Day,Coastal,Light Dress,Male,Adult
7,46,Rainy,29,Day,Coastal,Light Jacket,Female,Adult
26,39,Cloudy,25,Day,Rural,Kurta,Female,Teen
44,41,Cloudy,29,Night,Coastal,Light Dress,Female,Teen
17,61,Rainy,28,Evening,Urban,Raincoat,Female,Adult
24,81,Sunny,13,Morning,Urban,Dress,Female,Adult
28,98,Cloudy,33,Night,Coastal,Kurta,Female,Child
23,45,Rainy,2,Evening,Coastal,Windbreaker,Male,Senior
6,74,Rainy,13,Evening,Urban,Sweater,Female,Senior
45,25,Winter,17,Day,Rural,Light Dress,Female,Child
29,50,Winter,32,Morning,Urban,Shorts,Female,Adult
11,62,Sunny,1,Evening,Coastal,Light Jacket,Female,Teen
8,23,Cloudy,17,Evening,Urban,Sweater,Female,Adult
8,59,Sunny,7,Day,Rural,Sweater,Female,Teen
10,86,Winter,37,Morning,Rural,Hoodie,Male,Teen
10,65,Rainy,26,Evening,Rural,Sweater,Female,Adult
39,36,Cloudy,27,Night,Rural,Light Dress,Male,Adult
28,20,Rainy,23,Day,Coastal,Raincoat,Male,Teen
43,52,Cloudy,13,Morning,Rural,T-shirt,Female,Senior
8,54,Rainy,25,Day,Urban,Hoodie,Female,Child
38,45,Rainy,19,Day,Rural,T-shirt,Female,Teen
24,59,Rainy,28,Evening,Coastal,Windbreaker,Male,Senior
35,52,Winter,39,Night,Urban,Shorts,Female,Senior
21,26,Rainy,28,Evening,Rural,Windbreaker,Female,Adult
35,83,Winter,29,Day,Rural,Cotton Dress,Female,Teen
40,70,Rainy,22,Night,Urban,Light Dress,Male,Senior
20,45,Rainy,3,Evening,Urban,Windbreaker,Female,Senior
25,57,Rainy,13,Day,Rural,Raincoat,Male,Teen
32,31,Sunny,19,Evening,Rural,Shorts,Female,Child
39,98,Winter,6,Evening,Coastal,Cotton Dress,Female,Teen
17,100,Sunny,23,Morning,Coastal,Dress,Male,Teen
29,87,Winter,38,Evening,Coastal,Cotton Dress,Female,Adult
12,68,Cloudy,30,Night,Urban,Hoodie,Female,Teen
19,82,Cloudy,7,Morning,Rural,Kurta,Male,Child
41,21,Sunny,3,Evening,Rural,Shorts,Male,Senior
30,66,Cloudy,27,Day,Urban,Shorts,Male,Teen
12,59,Cloudy,32,Evening,Rural,Sweater,Male,Teen
13,58,Winter,7,Morning,Coastal,Sweater,Male,Teen
32,73,Rainy,5,Morning,Coastal,Loose T-shirt,Male,Senior
15,86,Sunny,27,Morning,Coastal,Light Jacket,Female,Adult
17,41,Rainy,9,Day,Rural,Rubber Boots,Male,Adult
9,87,Winter,13,Morning,Rural,Sweater,Female,Senior
24,98,Sunny,6,Evening,Rural,Kurta,Male,Adult
35,42,Cloudy,13,Night,Urban,T-shirt,Female,Adult
42,69,Winter,35,Evening,Urban,Shorts,Female,Senior
39,94,Rainy,2,Night,Coastal,Cotton Dress,Female,Senior
45,33,Cloudy,10,Morning,Coastal,Shorts,Female,Teen
24,98,Winter,5,Evening,Coastal,Shirt with Jeans,Female,Child
35,95,Sunny,7,Evening,Rural,Shorts,Female,Adult
13,72,Rainy,34,Day,Coastal,Sweater,Female,Teen
38,20,Cloudy,21,Day,Rural,Light Dress,Male,Adult
31,85,Sunny,38,Day,Coastal,Cotton Dress,Female,Senior
14,94,Winter,21,Night,Urban,Light Jacket,Male,Adult
22,93,Rainy,31,Morning,Urban,Windbreaker,Male,Adult
24,79,Sunny,33,Evening,Coastal,Kurta,Female,Adult
19,88,Rainy,27,Night,Coastal,Rubber Boots,Female,Senior
16,92,Winter,32,Day,Coastal,Shirt with Jeans,Female,Adult
32,71,Winter,7,Evening,Coastal,Cotton Dress,Female,Senior
6,41,Cloudy,6,Night,Urban,Light Jacket,Male,Child
29,59,Winter,7,Evening,Urban,Shorts,Male,Teen
13,100,Cloudy,36,Morning,Urban,Light Jacket,Female,Senior
10,27,Rainy,19,Day,Coastal,Sweater,Female,Child
15,76,Winter,22,Night,Coastal,Hoodie,Male,Teen
35,50,Sunny,16,Evening,Coastal,T-shirt,Male,Adult
40,32,Winter,24,Evening,Coastal,T-shirt,Male,Adult
13,92,Sunny,35,Evening,Urban,Light Jacket,Female,Adult
7,91,Winter,15,Night,Rural,Hoodie,Female,Adult
34,82,Winter,32,Night,Rural,Loose T-shirt,Female,Child
22,48,Cloudy,29,Night,Coastal,Kurta,Male,Adult
36,83,Cloudy,4,Night,Rural,Loose T-shirt,Female,Child
11,33,Cloudy,10,Evening,Urban,Light Jacket,Female,Senior
44,63,Sunny,13,Day,Urban,T-shirt,Male,Child
18,65,Winter,28,Night,Urban,Shirt with Jeans,Female,Teen
23,38,Rainy,40,Night,Rural,Rubber Boots,Female,Senior
40,30,Sunny,17,Evening,Urban,Light Dress,Male,Senior
42,93,Cloudy,19,Day,Rural,Loose T-shirt,Male,Senior
41,76,Sunny,40,Morning,Rural,Loose T-shirt,Female,Teen
32,74,Rainy,30,Morning,Rural,Cotton Dress,Female,Adult
7,86,Winter,20,Morning,Urban,Light Jacket,Female,Senior
35,94,Sunny,3,Night,Urban,Loose T-shirt,Male,Senior
12,60,Sunny,8,Morning,Coastal,Light Jacket,Female,Child
27,48,Cloudy,32,Day,Rural,Kurta,Male,Senior
19,22,Cloudy,27,Evening,Urban,Shirt with Jeans,Female,Teen
38,42,Rainy,40,Night,Coastal,T-shirt,Female,Child
19,85,Rainy,8,Morning,Rural,Windbreaker,Female,Senior
24,31,Rainy,15,Day,Coastal,Windbreaker,Male,Senior
41,44,Winter,37,Morning,Rural,T-shirt,Female,Adult
10,45,Rainy,14,Morning,Coastal,Light Jacket,Male,Child
38,41,Winter,28,Day,Coastal,Shorts,Female,Child
37,68,Rainy,26,Day,Urban,Shorts,Female,Teen
23,85,Winter,27,Day,Rural,Shirt with Jeans,Male,Child
28,50,Cloudy,3,Evening,Urban,Kurta,Male,Senior
24,69,Sunny,18,Day,Urban,Kurta,Female,Child
31,28,Sunny,38,Evening,Rural,Light Dress,Male,Teen
24,47,Sunny,17,Day,Rural,Kurta,Male,Senior
25,81,Cloudy,6,Morning,Urban,Kurta,Male,Teen
40,91,Winter,18,Morning,Urban,Shorts,Male,Child
33,82,Sunny,3,Day,Coastal,Shorts,Female,Child
23,37,Winter,4,Evening,Rural,Dress,Male,Adult
15,73,Cloudy,14,Night,Rural,Sweater,Female,Child
29,57,Cloudy,20,Day,Coastal,T-shirt,Male,Teen
16,42,Winter,19,Night,Coastal,Dress,Male,Senior
21,85,Winter,15,Evening,Rural,Shirt with Jeans,Female,Senior
45,73,Cloudy,26,Evening,Urban,Shorts,Female,Child
5,31,Cloudy,12,Night,Urban,Wool Coat,Female,Adult
29,88,Rainy,9,Day,Coastal,Cotton Dress,Male,Child
40,42,Sunny,13,Day,Urban,Light Dress,Male,Child
30,73,Rainy,18,Evening,Urban,Cotton Dress,Female,Child
5,55,Winter,39,Day,Urban,Wool Coat,Male,Adult
19,60,Winter,5,Morning,Rural,Kurta,Female,Child
12,60,Rainy,7,Day,Urban,Sweater,Female,Senior
11,71,Rainy,15,Day,Rural,Light Jacket,Female,Teen
28,65,Sunny,4,Night,Rural,Shirt with Jeans,Female,Teen
17,79,Sunny,6,Evening,Urban,Shirt with Jeans,Male,Adult
29,67,Sunny,37,Morning,Urban,Shorts,Female,Teen
40,93,Sunny,0,Evening,Urban,Shorts,Male,Child
19,35,Winter,3,Evening,Coastal,Shirt with Jeans,Female,Adult
44,25,Cloudy,32,Day,Rural,Light Dress,Male,Adult
22,97,Cloudy,21,Evening,Coastal,Dress,Female,Child
10,87,Winter,8,Evening,Rural,Hoodie,Female,Adult
34,68,Cloudy,7,Morning,Coastal,T-shirt,Male,Child
28,94,Winter,24,Day,Rural,Dress,Female,Teen
12,53,Winter,6,Night,Coastal,Light Jacket,Female,Senior
32,96,Winter,21,Day,Coastal,Cotton Dress,Male,Senior
33,49,Sunny,35,Night,Urban,Light Dress,Male,Senior
11,24,Sunny,7,Day,Rural,Sweater,Female,Child
17,99,Rainy,23,Night,Coastal,Rubber Boots,Female,Teen
36,41,Rainy,28,Morning,Coastal,Light Dress,Male,Adult
14,77,Cloudy,10,Day,Coastal,Sweater,Female,Adult
20,81,Sunny,27,Evening,Rural,Shirt with Jeans,Female,Teen
21,33,Sunny,11,Night,Rural,Dress,Female,Senior
14,45,Winter,22,Morning,Urban,Sweater,Female,Child
33,77,Rainy,23,Night,Coastal,Cotton Dress,Female,Adult
34,39,Rainy,40,Day,Coastal,T-shirt,Male,Senior
33,26,Cloudy,33,Morning,Coastal,Shorts,Male,Adult
20,98,Cloudy,34,Night,Rural,Shirt with Jeans,Male,Adult
26,46,Sunny,21,Morning,Coastal,Shirt with Jeans,Female,Senior
10,22,Sunny,33,Morning,Coastal,Hoodie,Female,Senior
16,95,Sunny,25,Day,Urban,Dress,Female,Teen
24,35,Sunny,8,Morning,Rural,Dress,Male,Child
25,68,Rainy,2,Evening,Coastal,Windbreaker,Male,Teen
25,92,Rainy,30,Evening,Urban,Rubber Boots,Male,Child
42,72,Rainy,11,Night,Urban,Loose T-shirt,Female,Senior
15,34,Sunny,10,Evening,Rural,Sweater,Male,Senior
12,50,Winter,1,Night,Coastal,Sweater,Female,Child
10,43,Cloudy,22,Day,Urban,Sweater,Female,Child
22,62,Winter,0,Evening,Rural,Dress,Male,Teen
44,96,Rainy,38,Night,Urban,Cotton Dress,Male,Teen
33,49,Winter,31,Evening,Rural,Shorts,Male,Adult
33,59,Rainy,19,Day,Coastal,Shorts,Female,Senior
35,27,Sunny,12,Night,Urban,Shorts,Female,Adult
6,60,Cloudy,31,Night,Coastal,Light Jacket,Male,Teen
14,29,Winter,17,Night,Rural,Light Jacket,Female,Senior
20,63,Rainy,11,Morning,Coastal,Windbreaker,Female,Child
13,41,Sunny,38,Evening,Urban,Hoodie,Female,Senior
45,31,Cloudy,34,Night,Rural,Light Dress,Male,Senior
24,33,Sunny,3,Night,Rural,Kurta,Male,Teen
33,84,Cloudy,34,Day,Urban,Shorts,Male,Teen
31,32,Winter,21,Day,Urban,T-shirt,Male,Teen
41,23,Winter,33,Morning,Coastal,T-shirt,Male,Senior
36,67,Cloudy,4,Evening,Urban,T-shirt,Male,Adult
30,59,Sunny,33,Day,Urban,Shorts,Female,Child
15,36,Rainy,10,Morning,Urban,Light Jacket,Male,Teen
40,74,Sunny,37,Morning,Coastal,Cotton Dress,Male,Teen
18,61,Winter,17,Evening,Coastal,Kurta,Male,Adult
34,72,Winter,21,Night,Urban,Cotton Dress,Male,Child
24,89,Cloudy,10,Day,Coastal,Shirt with Jeans,Female,Adult
11,30,Winter,30,Night,Rural,Hoodie,Female,Adult
26,40,Cloudy,27,Evening,Urban,Kurta,Female,Senior
34,56,Rainy,25,Night,Coastal,Shorts,Male,Child
19,53,Winter,1,Night,Urban,Dress,Male,Child
37,38,Winter,18,Day,Urban,Light Dress,Female,Adult
43,55,Cloudy,20,Night,Rural,Shorts,Female,Child
15,84,Sunny,14,Night,Coastal,Sweater,Male,Teen
43,72,Rainy,13,Morning,Urban,Cotton Dress,Female,Adult
5,63,Winter,30,Day,Coastal,Sweater with Jacket,Female,Teen
6,75,Rainy,20,Evening,Rural,Sweater,Female,Senior
6,73,Rainy,19,Night,Rural,Light Jacket,Female,Senior
15,89,Rainy,2,Morning,Rural,Hoodie,Male,Teen
10,81,Sunny,12,Morning,Urban,Light Jacket,Female,Adult
6,62,Winter,4,Morning,Urban,Light Jacket,Male,Senior
30,29,Cloudy,14,Evening,Rural,T-shirt,Female,Senior
20,74,Winter,11,Morning,Rural,Shirt with Jeans,Female,Senior
39,57,Rainy,34,Morning,Urban,Light Dress,Female,Adult
30,52,Winter,33,Evening,Urban,Light Dress,Male,Teen
21,55,Cloudy,6,Day,Urban,Shirt with Jeans,Female,Child
22,37,Winter,15,Night,Rural,Shirt with Jeans,Female,Teen
44,61,Winter,2,Day,Coastal,T-shirt,Female,Adult
40,31,Winter,16,Morning,Coastal,Shorts,Male,Senior
26,45,Sunny,16,Day,Coastal,Shirt with Jeans,Female,Adult
35,47,Rainy,0,Night,Rural,Light Dress,Female,Child
16,92,Rainy,3,Day,Rural,Rubber Boots,Male,Senior
36,95,Cloudy,37,Morning,Urban,Cotton Dress,Female,Adult
16,76,Rainy,0,Night,Rural,Windbreaker,Male,Child
13,20,Sunny,30,Morning,Rural,Hoodie,Female,Adult
5,81,Cloudy,8,Morning,Coastal,Wool Coat,Female,Adult
32,41,Sunny,5,Morning,Rural,Shorts,Male,Adult
12,76,Sunny,3,Evening,Urban,Light Jacket,Female,Adult
13,22,Cloudy,3,Day,Coastal,Light Jacket,Male,Adult
26,89,Cloudy,35,Night,Urban,Shirt with Jeans,Female,Teen
16,72,Winter,6,Evening,Coastal,Kurta,Female,Adult
17,48,Rainy,25,Day,Coastal,Windbreaker,Female,Teen
19,98,Rainy,9,Morning,Coastal,Windbreaker,Female,Adult
39,28,Sunny,23,Morning,Coastal,Light Dress,Male,Adult
31,51,Rainy,20,Evening,Coastal,T-shirt,Male,Senior
27,83,Sunny,24,Morning,Coastal,Kurta,Male,Child
42,71,Cloudy,22,Morning,Coastal,Cotton Dress,Male,Child
9,57,Cloudy,39,Morning,Rural,Hoodie,Male,Adult
16,53,Rainy,8,Morning,Coastal,Rubber Boots,Female,Adult
29,85,Sunny,22,Morning,Rural,Loose T-shirt,Male,Teen
44,84,Rainy,38,Day,Urban,Cotton Dress,Female,Senior
31,88,Winter,1,Evening,Urban,Loose T-shirt,Female,Teen
12,47,Cloudy,38,Evening,Coastal,Sweater,Female,Child
39,44,Cloudy,33,Day,Rural,T-shirt,Male,Teen
33,52,Sunny,29,Morning,Rural,Shorts,Female,Senior
23,34,Cloudy,22,Evening,Coastal,Dress,Male,Senior
24,26,Rainy,17,Evening,Urban,Rubber Boots,Female,Senior
19,38,Rainy,18,Day,Rural,Raincoat,Male,Teen
21,89,Winter,11,Morning,Coastal,Kurta,Female,Adult
45,92,Cloudy,35,Morning,Coastal,Cotton Dress,Male,Senior
34,70,Rainy,17,Morning,Rural,Light Dress,Female,Senior
39,87,Winter,31,Night,Coastal,Loose T-shirt,Male,Adult
12,34,Rainy,2,Night,Urban,Light Jacket,Male,Teen
41,31,Rainy,22,Morning,Coastal,Shorts,Male,Child
42,95,Winter,2,Morning,Rural,Loose T-shirt,Female,Senior
28,73,Cloudy,5,Night,Coastal,Shirt with Jeans,Female,Child
24,100,Cloudy,16,Morning,Coastal,Dress,Female,Senior
41,38,Rainy,18,Night,Rural,Shorts,Male,Teen
13,85,Cloudy,23,Day,Rural,Hoodie,Male,Child
33,30,Winter,25,Morning,Coastal,T-shirt,Female,Teen
7,30,Cloudy,10,Evening,Rural,Light Jacket,Male,Child
12,80,Cloudy,37,Night,Rural,Light Jacket,Male,Teen
10,44,Sunny,24,Evening,Rural,Light Jacket,Male,Child
45,35,Rainy,40,Day,Urban,Shorts,Female,Child
28,100,Rainy,38,Evening,Rural,Windbreaker,Female,Adult
18,42,Winter,8,Day,Coastal,Shirt with Jeans,Male,Adult
40,31,Sunny,40,Morning,Rural,Shorts,Female,Child
36,58,Cloudy,35,Evening,Urban,Shorts,Male,Adult
15,77,Winter,4,Morning,Coastal,Light Jacket,Male,Child
40,49,Cloudy,34,Night,Coastal,Light Dress,Male,Adult
6,51,Winter,34,Night,Rural,Sweater,Female,Child
31,87,Rainy,21,Day,Urban,Cotton Dress,Female,Adult
11,84,Sunny,24,Day,Coastal,Hoodie,Female,Teen
12,86,Rainy,3,Morning,Coastal,Hoodie,Male,Child
22,27,Winter,30,Evening,Coastal,Shirt with Jeans,Male,Teen
13,23,Cloudy,1,Evening,Urban,Sweater,Female,Teen
39,40,Rainy,30,Morning,Coastal,Shorts,Male,Child
9,23,Sunny,13,Night,Coastal,Light Jacket,Female,Adult
40,58,Rainy,31,Day,Coastal,Light Dress,Female,Child
10,74,Sunny,15,Morning,Rural,Light Jacket,Female,Senior
12,22,Rainy,20,Evening,Urban,Light Jacket,Female,Adult
31,76,Rainy,10,Morning,Urban,Loose T-shirt,Male,Adult
40,62,Rainy,5,Evening,Coastal,Light Dress,Female,Senior
9,55,Rainy,6,Morning,Rural,Sweater,Male,Child
5,72,Rainy,23,Evening,Rural,Thermal Wear,Male,Teen
5,24,Cloudy,25,Morning,Coastal,Wool Coat,Female,Teen
41,87,Winter,37,Evening,Urban,Shorts,Male,Teen
37,35,Rainy,17,Evening,Urban,Light Dress,Female,Adult
43,74,Sunny,38,Evening,Coastal,Loose T-shirt,Female,Teen
15,31,Sunny,28,Evening,Rural,Hoodie,Male,Child
34,40,Sunny,2,Night,Urban,Shorts,Male,Teen
36,76,Rainy,17,Morning,Coastal,Shorts,Male,Child
19,33,Winter,36,Day,Rural,Shirt with Jeans,Male,Adult
24,96,Cloudy,4,Night,Coastal,Kurta,Male,Teen
6,20,Sunny,15,Evening,Coastal,Light Jacket,Male,Adult
33,59,Winter,29,Evening,Coastal,Light Dress,Female,Child
6,33,Cloudy,37,Morning,Coastal,Light Jacket,Male,Senior
42,22,Rainy,35,Morning,Urban,Light Dress,Female,Child
34,59,Rainy,23,Morning,Urban,Shorts,Female,Child
16,28,Winter,37,Morning,Coastal,Shirt with Jeans,Male,Senior
33,61,Winter,30,Evening,Coastal,Light Dress,Female,Senior
45,94,Sunny,17,Morning,Urban,Shorts,Male,Child
31,34,Sunny,9,Night,Coastal,T-shirt,Female,Teen
41,96,Rainy,6,Day,Coastal,Loose T-shirt,Male,Senior
12,59,Winter,18,Day,Coastal,Light Jacket,Female,Senior
42,81,Rainy,13,Evening,Coastal,Cotton Dress,Male,Adult
41,91,Rainy,37,Night,Urban,Shorts,Female,Teen
8,30,Rainy,13,Evening,Rural,Sweater,Female,Teen
7,51,Cloudy,35,Evening,Rural,Light Jacket,Male,Child
6,80,Cloudy,16,Day,Coastal,Light Jacket,Female,Child
11,80,Sunny,0,Night,Coastal,Sweater,Female,Senior
12,33,Winter,15,Evening,Urban,Light Jacket,Female,Senior
34,66,Cloudy,3,Day,Rural,Light Dress,Male,Teen
9,28,Cloudy,10,Evening,Urban,Sweater,Male,Senior
34,53,Winter,17,Night,Rural,Shorts,Male,Adult
33,53,Cloudy,18,Evening,Coastal,Light Dress,Female,Teen
26,84,Sunny,7,Evening,Coastal,Kurta,Male,Teen
36,71,Cloudy,37,Day,Rural,Shorts,Female,Teen
8,65,Cloudy,34,Evening,Coastal,Hoodie,Male,Teen
21,88,Rainy,0,Day,Urban,Raincoat,Male,Senior
17,30,Winter,26,Evening,Coastal,Shirt with Jeans,Male,Adult
30,56,Winter,14,Evening,Urban,Light Dress,Female,Senior
25,64,Winter,1,Evening,Urban,Shirt with Jeans,Female,Adult
32,72,Winter,16,Morning,Coastal,Loose T-shirt,Male,Adult
38,47,Cloudy,37,Evening,Coastal,T-shirt,Male,Senior
11,82,Sunny,25,Night,Urban,Hoodie,Male,Teen
31,28,Cloudy,13,Morning,Coastal,T-shirt,Male,Adult
43,91,Cloudy,32,Day,Urban,Shorts,Female,Senior
16,93,Winter,8,Day,Coastal,Kurta,Female,Child
37,38,Cloudy,33,Night,Urban,Shorts,Female,Senior
17,66,Cloudy,36,Evening,Coastal,Dress,Female,Senior
22,49,Sunny,17,Evening,Rural,Dress,Male,Adult
42,68,Rainy,39,Day,Urban,Shorts,Female,Teen
18,80,Rainy,28,Evening,Coastal,Windbreaker,Male,Child
8,71,Rainy,28,Evening,Coastal,Light Jacket,Male,Adult
8,34,Sunny,7,Evening,Rural,Sweater,Male,Teen
30,33,Sunny,32,Evening,Coastal,Shorts,Male,Senior
14,67,Sunny,7,Morning,Coastal,Light Jacket,Female,Senior
23,38,Winter,34,Day,Rural,Dress,Female,Teen
42,41,Sunny,34,Morning,Urban,T-shirt,Female,Senior
41,43,Sunny,14,Evening,Urban,T-shirt,Male,Senior
27,87,Cloudy,14,Evening,Coastal,Dress,Male,Senior
35,30,Sunny,12,Day,Coastal,T-shirt,Male,Teen
7,49,Sunny,17,Night,Urban,Light Jacket,Male,Adult
31,43,Winter,37,Day,Rural,Shorts,Male,Teen
18,93,Cloudy,5,Evening,Urban,Dress,Male,Teen
18,55,Cloudy,29,Evening,Urban,Kurta,Male,Senior
11,41,Sunny,32,Day,Coastal,Sweater,Male,Senior
35,48,Winter,9,Night,Coastal,Shorts,Male,Adult
40,37,Cloudy,17,Night,Coastal,T-shirt,Male,Senior
37,72,Cloudy,19,Evening,Urban,Loose T-shirt,Male,Senior
25,62,Sunny,17,Morning,Rural,Kurta,Male,Child
31,54,Winter,6,Day,Urban,Shorts,Male,Teen
19,30,Sunny,20,Evening,Coastal,Dress,Male,Adult
20,45,Rainy,6,Evening,Coastal,Raincoat,Female,Teen
27,38,Winter,10,Evening,Rural,Kurta,Male,Child
13,96,Sunny,3,Evening,Rural,Sweater,Female,Senior
27,41,Cloudy,20,Night,Coastal,Shirt with Jeans,Female,Teen
21,55,Rainy,3,Night,Coastal,Raincoat,Male,Adult
15,21,Sunny,3,Evening,Urban,Sweater,Male,Senior
17,32,Cloudy,38,Morning,Urban,Shirt with Jeans,Male,Child
11,90,Winter,1,Night,Coastal,Light Jacket,Male,Teen
36,28,Sunny,39,Night,Urban,Light Dress,Male,Senior
45,48,Winter,16,Night,Coastal,T-shirt,Female,Adult
38,77,Winter,17,Night,Rural,Shorts,Male,Teen
9,84,Sunny,30,Day,Rural,Light Jacket,Female,Senior
22,85,Cloudy,32,Day,Coastal,Shirt with Jeans,Male,Teen
20,67,Cloudy,2,Evening,Coastal,Dress,Female,Senior
7,68,Rainy,18,Evening,Urban,Light Jacket,Female,Adult
45,20,Rainy,26,Morning,Urban,Shorts,Female,Teen
7,87,Rainy,40,Morning,Rural,Hoodie,Male,Teen
12,54,Sunny,19,Morning,Urban,Light Jacket,Male,Senior
27,46,Sunny,36,Evening,Rural,Shirt with Jeans,Male,Child
19,73,Winter,34,Evening,Rural,Shirt with Jeans,Male,Child
35,63,Sunny,32,Morning,Coastal,T-shirt,Male,Child
22,99,Sunny,14,Morning,Rural,Kurta,Female,Teen
27,86,Winter,2,Morning,Urban,Shirt with Jeans,Male,Teen
27,62,Winter,23,Day,Rural,Dress,Male,Adult
38,34,Cloudy,27,Evening,Urban,Light Dress,Female,Child
10,99,Cloudy,23,Morning,Coastal,Light Jacket,Female,Teen
33,82,Rainy,40,Night,Urban,Loose T-shirt,Male,Child
12,78,Sunny,3,Evening,Rural,Light Jacket,Female,Teen
22,58,Sunny,23,Day,Coastal,Dress,Female,Adult
28,55,Rainy,5,Night,Rural,Raincoat,Female,Adult
37,59,Cloudy,7,Morning,Coastal,Shorts,Male,Senior
36,83,Sunny,32,Night,Rural,Cotton Dress,Male,Adult
36,87,Winter,37,Night,Rural,Cotton Dress,Male,Adult
31,68,Cloudy,5,Evening,Coastal,Light Dress,Female,Adult
36,95,Cloudy,16,Evening,Coastal,Shorts,Male,Child
10,61,Cloudy,38,Morning,Coastal,Sweater,Male,Child
16,78,Rainy,21,Morning,Coastal,Raincoat,Female,Senior
7,93,Rainy,13,Day,Coastal,Light Jacket,Male,Child
22,71,Rainy,30,Morning,Urban,Rubber Boots,Male,Teen
14,32,Cloudy,40,Morning,Rural,Sweater,Male,Teen
27,39,Winter,31,Day,Coastal,Dress,Male,Adult
17,83,Sunny,16,Morning,Urban,Shirt with Jeans,Male,Child
38,93,Winter,16,Night,Rural,Shorts,Male,Adult
39,74,Cloudy,40,Day,Coastal,Loose T-shirt,Female,Senior
28,98,Sunny,15,Evening,Urban,Kurta,Female,Adult
6,52,Cloudy,11,Day,Urban,Light Jacket,Male,Child
21,67,Rainy,14,Night,Urban,Rubber Boots,Male,Teen
14,82,Cloudy,6,Morning,Rural,Hoodie,Female,Teen
20,22,Cloudy,34,Evening,Rural,Shirt with Jeans,Female,Teen
41,95,Rainy,40,Morning,Urban,Cotton Dress,Male,Adult
20,88,Rainy,23,Night,Rural,Raincoat,Female,Senior
31,74,Cloudy,17,Evening,Rural,Cotton Dress,Female,Senior
7,76,Winter,6,Day,Coastal,Light Jacket,Female,Adult
5,92,Cloudy,7,Evening,Coastal,Wool Coat,Male,Child
29,52,Rainy,7,Morning,Coastal,T-shirt,Male,Child
19,76,Cloudy,5,Day,Urban,Dress,Male,Adult
8,55,Cloudy,22,Evening,Coastal,Sweater,Male,Adult
24,41,Sunny,33,Day,Coastal,Kurta,Female,Senior
30,28,Rainy,39,Evening,Coastal,Shorts,Male,Adult
32,39,Sunny,18,Day,Rural,Light Dress,Female,Child
40,74,Cloudy,24,Day,Coastal,Loose T-shirt,Male,Child
22,90,Sunny,18,Morning,Coastal,Shirt with Jeans,Male,Child
41,62,Winter,38,Day,Urban,T-shirt,Male,Adult
16,48,Winter,7,Morning,Rural,Kurta,Male,Child
12,71,Sunny,29,Morning,Coastal,Hoodie,Male,Child
8,27,Rainy,7,Night,Rural,Light Jacket,Female,Teen
20,29,Sunny,23,Day,Urban,Kurta,Male,Child
43,21,Winter,12,Night,Urban,T-shirt,Male,Teen
6,40,Sunny,37,Night,Coastal,Sweater,Female,Adult
10,96,Sunny,7,Night,Urban,Hoodie,Male,Child
31,44,Sunny,32,Night,Coastal,Shorts,Male,Teen
31,64,Cloudy,29,Evening,Rural,Light Dress,Female,Senior
39,41,Cloudy,18,Night,Rural,T-shirt,Male,Teen
8,68,Winter,16,Morning,Urban,Light Jacket,Male,Adult
40,39,Cloudy,1,Evening,Rural,Light Dress,Male,Senior
9,78,Cloudy,27,Night,Coastal,Light Jacket,Male,Adult
21,27,Sunny,27,Night,Urban,Dress,Male,Child
26,53,Winter,9,Day,Rural,Dress,Female,Adult
39,79,Sunny,12,Evening,Rural,Loose T-shirt,Female,Senior
16,46,Sunny,20,Evening,Rural,Shirt with Jeans,Male,Senior
26,31,Cloudy,23,Morning,Coastal,Shirt with Jeans,Male,Teen
21,89,Cloudy,13,Night,Urban,Dress,Female,Child
26,70,Cloudy,34,Evening,Coastal,Dress,Female,Senior
28,46,Winter,36,Evening,Coastal,Dress,Female,Adult
19,71,Sunny,23,Evening,Urban,Kurta,Female,Adult
25,47,Cloudy,21,Evening,Rural,Shirt with Jeans,Male,Child
23,85,Rainy,34,Day,Urban,Raincoat,Male,Teen
14,50,Sunny,33,Day,Coastal,Sweater,Male,Child
24,69,Rainy,4,Day,Rural,Raincoat,Male,Child
17,39,Rainy,35,Day,Coastal,Raincoat,Female,Teen
9,72,Sunny,10,Evening,Rural,Light Jacket,Female,Adult
11,90,Sunny,17,Night,Rural,Sweater,Female,Teen
24,85,Winter,28,Night,Rural,Dress,Male,Teen
8,24,Cloudy,3,Morning,Rural,Light Jacket,Male,Senior
30,52,Winter,19,Morning,Urban,T-shirt,Male,Adult
41,36,Winter,31,Evening,Urban,Shorts,Female,Adult
38,32,Rainy,22,Night,Urban,T-shirt,Female,Senior
35,31,Rainy,1,Evening,Coastal,T-shirt,Male,Adult
45,53,Rainy,29,Evening,Rural,Shorts,Male,Teen
42,61,Cloudy,38,Day,Rural,Shorts,Female,Teen
40,26,Cloudy,9,Evening,Rural,Light Dress,Female,Child
38,95,Sunny,5,Day,Coastal,Loose T-shirt,Female,Child
23,25,Rainy,9,Morning,Rural,Rubber Boots,Male,Adult
13,99,Winter,31,Evening,Rural,Sweater,Female,Adult
42,46,Winter,37,Night,Rural,T-shirt,Male,Adult
43,63,Winter,8,Morning,Urban,T-shirt,Male,Senior
10,90,Sunny,1,Day,Rural,Sweater,Female,Senior
17,35,Rainy,23,Morning,Urban,Raincoat,Male,Teen
20,49,Rainy,37,Day,Coastal,Raincoat,Female,Senior
20,33,Winter,21,Morning,Urban,Dress,Female,Teen
27,91,Rainy,4,Day,Coastal,Windbreaker,Female,Teen
37,83,Rainy,29,Day,Urban,Loose T-shirt,Female,Adult
14,85,Cloudy,18,Night,Coastal,Light Jacket,Female,Child
42,79,Sunny,8,Morning,Rural,Loose T-shirt,Male,Adult
32,34,Winter,32,Night,Rural,Light Dress,Female,Senior
10,81,Winter,28,Evening,Coastal,Hoodie,Female,Senior
31,38,Rainy,8,Morning,Coastal,Light Dress,Female,Child
42,64,Sunny,22,Day,Rural,T-shirt,Female,Teen
32,21,Rainy,30,Morning,Coastal,T-shirt,Male,Adult
39,74,Cloudy,35,Night,Rural,Cotton Dress,Female,Child
23,92,Sunny,3,Day,Urban,Kurta,Female,Child
5,49,Cloudy,25,Morning,Urban,Sweater with Jacket,Female,Senior
42,29,Rainy,14,Morning,Coastal,Shorts,Male,Child
7,79,Cloudy,14,Day,Coastal,Light Jacket,Male,Child
37,60,Sunny,38,Day,Rural,Shorts,Male,Teen
23,71,Rainy,37,Evening,Urban,Windbreaker,Male,Child
30,38,Winter,11,Night,Rural,Light Dress,Male,Senior
11,71,Rainy,20,Morning,Rural,Sweater,Female,Senior
15,92,Cloudy,37,Night,Urban,Light Jacket,Female,Child
33,35,Rainy,30,Morning,Coastal,Shorts,Male,Adult
38,74,Rainy,40,Night,Rural,Loose T-shirt,Male,Senior
33,92,Winter,15,Day,Urban,Cotton Dress,Male,Adult
44,95,Cloudy,20,Morning,Coastal,Loose T-shirt,Female,Senior
13,58,Rainy,0,Morning,Urban,Sweater,Male,Senior
41,75,Winter,10,Day,Urban,Loose T-shirt,Female,Senior
35,25,Rainy,35,Morning,Urban,Shorts,Male,Senior
20,81,Winter,30,Day,Coastal,Kurta,Female,Teen
15,38,Rainy,15,Night,Urban,Light Jacket,Male,Teen
28,92,Sunny,7,Evening,Coastal,Shirt with Jeans,Male,Adult
33,29,Cloudy,4,Night,Coastal,T-shirt,Female,Teen
21,23,Rainy,18,Evening,Rural,Raincoat,Male,Senior
10,55,Sunny,32,Morning,Rural,Light Jacket,Male,Senior
20,61,Sunny,12,Morning,Coastal,Kurta,Female,Child
25,76,Cloudy,12,Morning,Coastal,Kurta,Male,Child
23,21,Rainy,31,Evening,Rural,Rubber Boots,Male,Adult
25,29,Winter,0,Night,Coastal,Shirt with Jeans,Male,Teen
21,93,Winter,26,Day,Rural,Shirt with Jeans,Male,Teen
38,91,Winter,12,Night,Coastal,Cotton Dress,Male,Teen
11,69,Cloudy,34,Evening,Rural,Sweater,Male,Child
7,37,Rainy,18,Day,Urban,Light Jacket,Male,Senior
28,83,Cloudy,6,Night,Urban,Dress,Male,Senior
11,83,Rainy,31,Morning,Coastal,Light Jacket,Female,Child
27,63,Sunny,35,Morning,Rural,Dress,Male,Child
7,24,Winter,10,Morning,Rural,Sweater,Male,Senior
6,84,Sunny,39,Evening,Rural,Hoodie,Male,Teen
18,86,Rainy,5,Day,Coastal,Raincoat,Female,Senior
8,100,Sunny,15,Evening,Coastal,Light Jacket,Female,Senior
35,70,Cloudy,2,Day,Coastal,T-shirt,Male,Teen
15,36,Rainy,40,Night,Rural,Light Jacket,Female,Teen
16,88,Winter,20,Morning,Urban,Kurta,Male,Child
5,35,Rainy,33,Evening,Rural,Sweater with Jacket,Female,Child
28,26,Winter,30,Evening,Urban,Dress,Female,Adult
43,82,Sunny,12,Evening,Rural,Shorts,Male,Adult
15,30,Sunny,15,Morning,Coastal,Light Jacket,Female,Senior
41,62,Cloudy,6,Day,Coastal,Light Dress,Female,Adult
25,89,Sunny,21,Morning,Rural,Shirt with Jeans,Male,Adult
42,50,Rainy,28,Night,Urban,Shorts,Male,Teen
14,44,Sunny,37,Night,Coastal,Sweater,Male,Child
13,68,Cloudy,4,Night,Coastal,Sweater,Female,Adult
30,85,Cloudy,5,Night,Urban,Shorts,Male,Adult
20,85,Winter,6,Day,Coastal,Kurta,Female,Child
9,29,Cloudy,36,Day,Rural,Hoodie,Female,Child
17,78,Rainy,28,Day,Coastal,Raincoat,Female,Child
18,75,Cloudy,9,Day,Urban,Dress,Male,Child
29,42,Rainy,16,Morning,Coastal,Light Dress,Male,Teen
13,36,Winter,21,Day,Urban,Sweater,Male,Teen
39,74,Sunny,2,Night,Rural,Shorts,Female,Teen
15,25,Rainy,17,Evening,Urban,Light Jacket,Male,Teen
21,51,Sunny,18,Morning,Urban,Shirt with Jeans,Male,Teen
9,85,Winter,25,Morning,Coastal,Hoodie,Male,Teen
45,59,Winter,2,Day,Coastal,T-shirt,Male,Adult
32,40,Sunny,30,Evening,Coastal,Light Dress,Female,Teen
40,25,Cloudy,32,Day,Urban,T-shirt,Male,Teen
18,32,Cloudy,15,Evening,Coastal,Shirt with Jeans,Male,Child
5,31,Winter,3,Night,Urban,Thermal Wear,Female,Child
31,40,Rainy,27,Day,Urban,Shorts,Male,Teen
32,23,Rainy,16,Day,Urban,Shorts,Female,Adult
19,82,Cloudy,15,Morning,Rural,Shirt with Jeans,Male,Child
34,97,Sunny,9,Morning,Urban,Loose T-shirt,Male,Senior
10,34,Cloudy,15,Morning,Urban,Light Jacket,Male,Adult
36,93,Rainy,17,Evening,Coastal,Loose T-shirt,Male,Senior
29,85,Cloudy,24,Morning,Urban,Shorts,Female,Child
32,99,Winter,5,Day,Urban,Loose T-shirt,Male,Teen
37,75,Winter,2,Evening,Coastal,Shorts,Female,Adult
26,69,Winter,24,Evening,Rural,Dress,Male,Senior
11,49,Winter,10,Evening,Rural,Light Jacket,Female,Senior
8,80,Winter,9,Day,Rural,Sweater,Female,Child
21,87,Sunny,17,Evening,Urban,Dress,Female,Teen
30,24,Winter,15,Day,Coastal,Light Dress,Male,Child
23,47,Rainy,21,Morning,Rural,Rubber Boots,Female,Senior
39,49,Cloudy,32,Day,Urban,Shorts,Female,Adult
31,73,Sunny,11,Night,Urban,Loose T-shirt,Female,Senior
19,75,Rainy,38,Day,Coastal,Raincoat,Female,Child
12,24,Rainy,12,Evening,Rural,Sweater,Male,Child
5,50,Sunny,11,Day,Urban,Wool Coat,Female,Child
17,99,Sunny,33,Evening,Urban,Kurta,Female,Teen
17,22,Winter,11,Night,Urban,Shirt with Jeans,Female,Child
31,34,Sunny,31,Morning,Coastal,Light Dress,Male,Senior
10,22,Winter,3,Night,Rural,Sweater,Female,Adult
44,61,Sunny,39,Day,Rural,T-shirt,Female,Adult
9,46,Rainy,18,Day,Coastal,Sweater,Female,Child
32,91,Winter,18,Evening,Coastal,Cotton Dress,Female,Senior
40,28,Rainy,20,Day,Urban,T-shirt,Female,Teen
26,40,Cloudy,20,Morning,Rural,Kurta,Male,Child
33,24,Sunny,15,Night,Coastal,Shorts,Female,Child
19,77,Winter,32,Evening,Rural,Kurta,Male,Child
29,39,Cloudy,11,Night,Coastal,T-shirt,Male,Child
31,68,Rainy,23,Day,Urban,T-shirt,Male,Adult
29,47,Sunny,10,Day,Urban,Light Dress,Male,Senior
10,88,Winter,31,Night,Urban,Hoodie,Female,Child
32,22,Cloudy,7,Evening,Rural,T-shirt,Male,Teen
7,82,Sunny,3,Evening,Coastal,Light Jacket,Female,Child
29,51,Winter,28,Morning,Coastal,Shorts,Female,Child
36,78,Sunny,24,Evening,Coastal,Shorts,Male,Senior
20,34,Winter,0,Night,Rural,Shirt with Jeans,Female,Child
25,86,Rainy,12,Night,Urban,Raincoat,Female,Child
14,34,Cloudy,19,Evening,Rural,Light Jacket,Male,Adult
27,36,Rainy,19,Day,Coastal,Rubber Boots,Male,Teen
9,81,Cloudy,23,Morning,Coastal,Light Jacket,Male,Child
31,75,Cloudy,40,Morning,Urban,Shorts,Male,Teen
35,25,Sunny,39,Evening,Rural,Shorts,Male,Senior
31,62,Cloudy,6,Evening,Urban,Shorts,Female,Child
20,99,Rainy,38,Evening,Coastal,Windbreaker,Female,Adult
18,57,Rainy,17,Evening,Rural,Rubber Boots,Male,Adult
14,99,Sunny,4,Morning,Coastal,Light Jacket,Female,Adult
23,50,Sunny,33,Day,Rural,Dress,Male,Senior
26,51,Winter,17,Day,Urban,Kurta,Female,Adult
8,62,Sunny,8,Day,Rural,Sweater,Male,Child
19,39,Cloudy,18,Day,Coastal,Shirt with Jeans,Female,Child
8,43,Sunny,18,Morning,Rural,Sweater,Male,Teen
15,53,Cloudy,13,Evening,Rural,Light Jacket,Female,Adult
22,55,Rainy,33,Evening,Coastal,Windbreaker,Female,Adult
23,99,Cloudy,12,Night,Rural,Dress,Female,Adult
24,56,Winter,24,Evening,Rural,Dress,Male,Adult
36,62,Cloudy,12,Day,Urban,T-shirt,Female,Child
45,29,Rainy,19,Day,Urban,Light Dress,Male,Teen
7,24,Winter,38,Morning,Rural,Sweater,Male,Child
19,57,Winter,33,Evening,Rural,Dress,Female,Teen
20,92,Rainy,23,Morning,Rural,Windbreaker,Male,Senior
24,30,Cloudy,37,Evening,Urban,Kurta,Male,Child
37,83,Sunny,21,Day,Rural,Shorts,Male,Teen
24,87,Sunny,39,Morning,Rural,Kurta,Male,Teen
42,55,Winter,32,Day,Coastal,T-shirt,Female,Senior
18,86,Winter,15,Night,Rural,Kurta,Male,Adult
28,93,Rainy,2,Evening,Coastal,Rubber Boots,Female,Senior
31,99,Rainy,14,Day,Urban,Shorts,Female,Senior
41,62,Winter,32,Night,Coastal,Shorts,Male,Senior
35,47,Rainy,21,Evening,Rural,Light Dress,Female,Child
14,26,Rainy,10,Day,Urban,Sweater,Male,Adult
42,77,Cloudy,8,Day,Coastal,Shorts,Female,Senior
30,43,Rainy,33,Day,Urban,Shorts,Female,Senior
25,21,Winter,28,Evening,Urban,Shirt with Jeans,Male,Adult
30,28,Sunny,17,Evening,Urban,T-shirt,Male,Child
8,33,Rainy,12,Night,Coastal,Sweater,Male,Adult
38,74,Winter,9,Morning,Rural,Shorts,Female,Senior
15,88,Sunny,27,Morning,Urban,Light Jacket,Female,Teen
34,61,Winter,18,Night,Urban,T-shirt,Female,Child
11,27,Cloudy,28,Day,Coastal,Sweater,Male,Senior
40,31,Rainy,29,Night,Urban,T-shirt,Female,Teen
41,41,Winter,24,Morning,Coastal,Light Dress,Female,Child
14,34,Sunny,8,Evening,Coastal,Sweater,Female,Adult
6,87,Sunny,6,Day,Urban,Hoodie,Male,Adult
32,32,Winter,5,Night,Rural,T-shirt,Male,Adult
41,28,Winter,28,Night,Urban,T-shirt,Female,Adult
43,60,Sunny,10,Day,Urban,Light Dress,Male,Adult
8,58,Rainy,26,Evening,Rural,Hoodie,Male,Child
22,53,Winter,20,Day,Coastal,Dress,Female,Child
37,57,Sunny,33,Night,Coastal,Shorts,Male,Child
27,61,Winter,18,Evening,Coastal,Dress,Male,Adult
21,77,Cloudy,21,Day,Urban,Dress,Female,Adult
6,58,Sunny,15,Day,Coastal,Sweater,Female,Senior
11,29,Cloudy,39,Morning,Urban,Light Jacket,Female,Teen
44,30,Sunny,1,Morning,Coastal,Light Dress,Male,Senior
33,37,Sunny,4,Night,Urban,Light Dress,Female,Child
6,88,Rainy,12,Night,Rural,Hoodie,Male,Adult
13,36,Winter,39,Day,Urban,Sweater,Female,Senior
44,24,Sunny,8,Morning,Rural,T-shirt,Female,Senior
21,33,Rainy,14,Night,Rural,Windbreaker,Female,Senior
13,91,Cloudy,30,Night,Urban,Hoodie,Female,Child
38,21,Cloudy,31,Night,Rural,Shorts,Male,Adult
41,65,Sunny,0,Day,Coastal,Shorts,Male,Teen
17,95,Winter,38,Morning,Coastal,Shirt with Jeans,Female,Adult
32,74,Rainy,26,Evening,Coastal,Cotton Dress,Male,Senior
20,55,Winter,33,Evening,Rural,Kurta,Male,Senior
20,96,Winter,15,Day,Urban,Dress,Female,Senior
32,30,Winter,1,Day,Rural,Light Dress,Male,Adult
34,43,Sunny,0,Night,Rural,Shorts,Male,Teen
6,81,Cloudy,8,Evening,Urban,Light Jacket,Male,Child
36,95,Winter,36,Evening,Coastal,Loose T-shirt,Female,Adult
42,21,Sunny,18,Evening,Coastal,Shorts,Female,Child
33,65,Rainy,28,Night,Urban,Shorts,Female,Senior
33,59,Rainy,40,Day,Rural,T-shirt,Male,Adult
29,54,Winter,36,Evening,Urban,T-shirt,Female,Child
17,52,Sunny,13,Morning,Urban,Kurta,Female,Senior
45,88,Cloudy,0,Night,Rural,Cotton Dress,Female,Teen
16,66,Winter,39,Evening,Coastal,Kurta,Female,Teen
25,92,Sunny,14,Evening,Urban,Kurta,Female,Senior
7,25,Sunny,9,Evening,Urban,Light Jacket,Male,Adult
25,36,Winter,23,Day,Rural,Kurta,Male,Senior
41,88,Cloudy,30,Evening,Urban,Loose T-shirt,Male,Teen
13,44,Rainy,9,Evening,Rural,Light Jacket,Female,Senior
5,35,Rainy,22,Morning,Coastal,Thermal Wear,Male,Child
34,69,Sunny,13,Morning,Rural,Shorts,Female,Adult
15,95,Sunny,4,Night,Coastal,Sweater,Male,Senior
12,79,Rainy,14,Evening,Rural,Sweater,Female,Senior
41,65,Rainy,32,Evening,Urban,T-shirt,Female,Child
21,51,Cloudy,29,Evening,Urban,Shirt with Jeans,Female,Senior
44,82,Rainy,2,Morning,Rural,Loose T-shirt,Male,Teen
24,53,Cloudy,25,Evening,Coastal,Kurta,Female,Senior
6,99,Cloudy,16,Day,Rural,Light Jacket,Male,Child
11,39,Cloudy,35,Morning,Coastal,Light Jacket,Female,Child
17,51,Sunny,34,Evening,Rural,Shirt with Jeans,Female,Child
44,99,Sunny,20,Evening,Urban,Loose T-shirt,Male,Child
34,42,Rainy,3,Day,Urban,Shorts,Male,Teen
29,95,Cloudy,6,Morning,Urban,Shorts,Female,Senior
42,97,Sunny,5,Evening,Coastal,Loose T-shirt,Male,Child
5,47,Rainy,40,Night,Rural,Wool Coat,Female,Senior
42,61,Sunny,7,Morning,Urban,T-shirt,Male,Child
33,41,Cloudy,16,Morning,Urban,Light Dress,Male,Child
16,54,Rainy,33,Evening,Urban,Raincoat,Male,Adult
22,93,Rainy,8,Night,Urban,Windbreaker,Male,Teen
12,90,Winter,31,Night,Rural,Light Jacket,Female,Teen
15,45,Rainy,3,Morning,Coastal,Sweater,Female,Adult
30,20,Rainy,27,Day,Urban,T-shirt,Male,Senior
44,22,Rainy,13,Day,Rural,Light Dress,Female,Child
35,24,Rainy,12,Morning,Rural,T-shirt,Male,Senior
6,25,Winter,37,Day,Urban,Light Jacket,Male,Senior
41,25,Winter,34,Day,Coastal,T-shirt,Female,Teen
29,67,Sunny,4,Evening,Rural,Shorts,Male,Teen
6,34,Winter,36,Morning,Rural,Light Jacket,Female,Teen
43,37,Rainy,25,Night,Coastal,T-shirt,Male,Senior
19,69,Sunny,3,Night,Urban,Shirt with Jeans,Female,Senior
10,58,Cloudy,40,Day,Urban,Sweater,Female,Child
27,27,Sunny,12,Evening,Urban,Shirt with Jeans,Male,Adult
25,82,Cloudy,30,Morning,Coastal,Dress,Female,Child
27,94,Sunny,21,Night,Rural,Kurta,Male,Adult
22,64,Rainy,10,Night,Rural,Rubber Boots,Male,Teen
31,71,Rainy,18,Day,Rural,Shorts,Male,Adult
27,83,Rainy,16,Morning,Rural,Rubber Boots,Female,Adult
10,91,Sunny,17,Day,Coastal,Light Jacket,Female,Child
29,33,Rainy,27,Day,Urban,Shorts,Female,Teen
22,51,Sunny,31,Evening,Urban,Kurta,Male,Child
24,20,Rainy,20,Morning,Urban,Raincoat,Female,Teen
43,28,Sunny,18,Morning,Coastal,T-shirt,Female,Teen
25,88,Sunny,11,Night,Rural,Shirt with Jeans,Male,Teen
12,60,Cloudy,40,Morning,Urban,Light Jacket,Male,Child
6,28,Sunny,34,Day,Urban,Hoodie,Male,Child
36,29,Sunny,2,Day,Urban,Light Dress,Female,Child
21,86,Cloudy,24,Day,Coastal,Kurta,Male,Child
33,72,Cloudy,30,Day,Rural,Loose T-shirt,Female,Senior
25,98,Sunny,16,Morning,Coastal,Shirt with Jeans,Female,Adult
27,54,Cloudy,10,Day,Coastal,Shirt with Jeans,Female,Child
15,63,Cloudy,20,Morning,Urban,Sweater,Female,Child
42,26,Cloudy,11,Evening,Urban,Light Dress,Male,Child
9,41,Cloudy,36,Morning,Coastal,Light Jacket,Male,Teen
24,25,Winter,16,Night,Coastal,Shirt with Jeans,Female,Adult
10,83,Sunny,5,Day,Urban,Hoodie,Male,Teen
17,77,Rainy,38,Evening,Rural,Raincoat,Male,Adult
39,88,Winter,38,Day,Urban,Cotton Dress,Male,Senior
28,91,Rainy,1,Evening,Coastal,Rubber Boots,Female,Teen
28,84,Rainy,21,Night,Coastal,Windbreaker,Female,Senior
5,45,Winter,14,Night,Coastal,Wool Coat,Male,Child
40,48,Rainy,32,Day,Coastal,Light Dress,Female,Senior
33,89,Rainy,9,Night,Urban,Loose T-shirt,Female,Adult
38,25,Rainy,26,Morning,Urban,T-shirt,Male,Teen
44,68,Rainy,13,Morning,Rural,T-shirt,Male,Teen
23,77,Cloudy,24,Morning,Rural,Shirt with Jeans,Male,Adult
6,72,Cloudy,19,Day,Rural,Sweater,Female,Child
34,79,Winter,13,Day,Rural,Loose T-shirt,Male,Adult
7,35,Cloudy,15,Day,Rural,Sweater,Female,Teen
7,72,Sunny,8,Morning,Coastal,Light Jacket,Male,Adult
29,33,Winter,12,Evening,Coastal,Shorts,Male,Senior
29,46,Winter,3,Evening,Urban,T-shirt,Female,Adult
21,96,Winter,8,Evening,Urban,Kurta,Female,Adult
26,20,Sunny,7,Morning,Coastal,Kurta,Male,Adult
45,44,Winter,38,Morning,Rural,Light Dress,Male,Teen
40,79,Rainy,14,Evening,Coastal,Loose T-shirt,Female,Teen
44,61,Cloudy,14,Morning,Urban,T-shirt,Male,Teen
39,86,Cloudy,16,Day,Rural,Loose T-shirt,Male,Adult
8,60,Rainy,29,Night,Urban,Sweater,Female,Teen
40,82,Sunny,14,Day,Coastal,Loose T-shirt,Female,Adult
44,77,Sunny,20,Morning,Rural,Shorts,Male,Child
22,51,Rainy,34,Morning,Coastal,Raincoat,Female,Child
37,89,Cloudy,18,Night,Urban,Shorts,Male,Teen
11,31,Cloudy,32,Day,Rural,Hoodie,Male,Teen
33,39,Rainy,8,Night,Urban,T-shirt,Male,Adult
16,56,Winter,35,Morning,Rural,Kurta,Male,Adult
26,24,Rainy,31,Night,Urban,Windbreaker,Female,Adult
17,60,Rainy,13,Evening,Urban,Raincoat,Female,Child
10,51,Cloudy,33,Day,Coastal,Sweater,Female,Senior
23,94,Winter,17,Night,Rural,Kurta,Female,Teen
29,100,Cloudy,39,Evening,Rural,Loose T-shirt,Female,Child
17,66,Sunny,12,Day,Rural,Kurta,Female,Adult
9,51,Cloudy,8,Evening,Urban,Sweater,Female,Adult
16,74,Cloudy,28,Evening,Rural,Shirt with Jeans,Female,Senior
12,72,Cloudy,17,Day,Rural,Sweater,Female,Senior
42,37,Sunny,15,Night,Coastal,T-shirt,Female,Child
28,53,Rainy,4,Night,Urban,Rubber Boots,Male,Senior
12,73,Rainy,7,Night,Rural,Sweater,Male,Teen
23,29,Winter,13,Morning,Urban,Dress,Male,Teen
8,71,Rainy,23,Day,Urban,Sweater,Female,Child
25,32,Cloudy,3,Evening,Urban,Shirt with Jeans,Male,Adult
41,63,Sunny,12,Day,Rural,Light Dress,Male,Senior
27,68,Cloudy,20,Morning,Urban,Kurta,Female,Senior
15,74,Winter,40,Evening,Urban,Light Jacket,Male,Teen
31,46,Cloudy,8,Morning,Coastal,Light Dress,Female,Senior
40,65,Cloudy,25,Morning,Rural,T-shirt,Female,Teen
30,38,Sunny,38,Morning,Rural,T-shirt,Male,Senior
33,68,Sunny,1,Evening,Coastal,T-shirt,Male,Teen
28,38,Sunny,25,Evening,Urban,Shirt with Jeans,Male,Teen
30,61,Cloudy,29,Day,Coastal,Light Dress,Male,Teen
26,40,Rainy,21,Evening,Rural,Windbreaker,Female,Adult
39,44,Rainy,20,Day,Coastal,Shorts,Female,Senior
22,80,Winter,10,Evening,Rural,Dress,Male,Teen
14,95,Sunny,30,Night,Coastal,Light Jacket,Male,Child
10,76,Sunny,20,Night,Rural,Sweater,Female,Senior
18,67,Rainy,37,Morning,Urban,Rubber Boots,Male,Adult
34,24,Rainy,17,Day,Rural,T-shirt,Male,Senior
36,25,Winter,34,Evening,Urban,Shorts,Female,Senior
31,63,Sunny,7,Morning,Urban,Shorts,Female,Teen
7,96,Winter,13,Evening,Urban,Sweater,Female,Senior
19,82,Cloudy,13,Night,Rural,Dress,Female,Senior
25,100,Winter,23,Night,Rural,Dress,Female,Teen
17,79,Rainy,33,Morning,Coastal,Windbreaker,Male,Adult
20,58,Winter,1,Day,Rural,Kurta,Female,Adult
41,100,Rainy,5,Day,Urban,Cotton Dress,Male,Senior
37,57,Rainy,17,Morning,Urban,T-shirt,Female,Child
33,91,Cloudy,40,Evening,Coastal,Cotton Dress,Female,Senior
38,67,Winter,1,Evening,Coastal,Light Dress,Female,Teen
17,94,Cloudy,11,Night,Rural,Kurta,Male,Adult
40,60,Cloudy,9,Day,Urban,Light Dress,Female,Teen
40,99,Sunny,22,Morning,Urban,Loose T-shirt,Female,Teen
32,29,Cloudy,33,Day,Urban,Light Dress,Male,Teen
20,40,Sunny,3,Day,Urban,Dress,Male,Adult
32,45,Cloudy,35,Morning,Coastal,Light Dress,Male,Teen
11,82,Sunny,24,Evening,Coastal,Hoodie,Male,Teen
7,74,Rainy,14,Morning,Urban,Light Jacket,Female,Senior
32,85,Winter,22,Day,Urban,Cotton Dress,Female,Child
10,79,Rainy,24,Day,Urban,Hoodie,Female,Child
19,87,Sunny,12,Day,Rural,Shirt with Jeans,Female,Adult
12,29,Winter,29,Day,Coastal,Light Jacket,Male,Senior
35,42,Rainy,30,Night,Urban,T-shirt,Female,Child
25,45,Sunny,9,Day,Urban,Dress,Male,Senior
42,27,Rainy,28,Night,Urban,Shorts,Female,Senior
6,40,Cloudy,16,Day,Coastal,Light Jacket,Male,Teen
6,97,Rainy,17,Night,Rural,Sweater,Female,Teen
14,28,Cloudy,18,Evening,Rural,Sweater,Male,Senior
34,22,Sunny,9,Night,Rural,Shorts,Male,Child
17,47,Rainy,20,Morning,Rural,Rubber Boots,Female,Adult
22,77,Cloudy,32,Morning,Urban,Dress,Female,Adult
6,48,Rainy,31,Morning,Urban,Light Jacket,Female,Child
11,77,Rainy,9,Evening,Rural,Light Jacket,Female,Adult
34,90,Cloudy,20,Morning,Rural,Shorts,Male,Adult
39,49,Rainy,6,Day,Urban,T-shirt,Male,Teen
43,33,Rainy,23,Morning,Rural,T-shirt,Male,Senior
21,44,Rainy,33,Evening,Rural,Rubber Boots,Female,Adult
39,26,Winter,37,Evening,Rural,T-shirt,Male,Adult
26,96,Rainy,31,Day,Rural,Windbreaker,Female,Adult
11,50,Cloudy,0,Morning,Rural,Light Jacket,Female,Teen
34,30,Rainy,11,Day,Rural,T-shirt,Female,Senior
36,93,Sunny,21,Night,Urban,Loose T-shirt,Female,Teen
31,82,Rainy,12,Day,Coastal,Loose T-shirt,Male,Child
15,65,Sunny,31,Day,Urban,Hoodie,Female,Teen
28,24,Sunny,1,Day,Rural,Kurta,Female,Senior
12,20,Winter,24,Day,Urban,Sweater,Male,Child
39,85,Winter,33,Evening,Urban,Cotton Dress,Male,Teen
27,26,Rainy,5,Night,Rural,Raincoat,Male,Senior
7,74,Rainy,7,Day,Rural,Sweater,Female,Child
32,49,Sunny,10,Morning,Rural,Shorts,Male,Senior
26,67,Sunny,26,Evening,Urban,Shirt with Jeans,Female,Teen
37,33,Winter,25,Morning,Urban,Light Dress,Male,Adult
17,25,Winter,13,Morning,Urban,Dress,Female,Teen
32,88,Sunny,4,Evening,Coastal,Cotton Dress,Female,Teen
45,65,Rainy,24,Evening,Urban,T-shirt,Male,Adult
17,52,Cloudy,5,Day,Rural,Shirt with Jeans,Female,Teen
27,79,Winter,12,Night,Urban,Dress,Male,Senior
7,73,Cloudy,30,Night,Coastal,Sweater,Female,Child
15,46,Sunny,4,Day,Urban,Sweater,Male,Child
16,100,Rainy,23,Night,Coastal,Raincoat,Female,Adult
5,43,Rainy,2,Morning,Urban,Sweater with Jacket,Female,Teen
44,21,Rainy,28,Night,Rural,Light Dress,Female,Senior
25,49,Winter,33,Morning,Coastal,Kurta,Female,Adult
36,34,Winter,10,Morning,Coastal,T-shirt,Male,Teen
30,97,Winter,19,Night,Coastal,Loose T-shirt,Female,Teen
15,90,Cloudy,12,Morning,Coastal,Sweater,Male,Child
14,69,Winter,33,Morning,Coastal,Sweater,Female,Teen
34,57,Winter,1,Day,Coastal,Shorts,Female,Teen
44,30,Rainy,35,Night,Urban,Shorts,Male,Child
12,51,Rainy,31,Evening,Coastal,Light Jacket,Female,Teen
37,35,Winter,16,Evening,Coastal,Shorts,Female,Senior
12,97,Cloudy,40,Evening,Urban,Hoodie,Male,Teen
27,67,Cloudy,10,Morning,Coastal,Shirt with Jeans,Female,Child
26,55,Cloudy,10,Day,Rural,Shirt with Jeans,Female,Senior
22,61,Sunny,26,Evening,Urban,Shirt with Jeans,Male,Adult
18,89,Cloudy,22,Evening,Coastal,Shirt with Jeans,Female,Teen
33,71,Cloudy,28,Night,Urban,Loose T-shirt,Male,Adult
23,29,Sunny,7,Night,Urban,Shirt with Jeans,Female,Teen
18,35,Rainy,17,Evening,Rural,Rubber Boots,Female,Teen
32,72,Sunny,12,Evening,Urban,Cotton Dress,Female,Adult
18,95,Sunny,30,Morning,Coastal,Shirt with Jeans,Female,Child
45,94,Cloudy,14,Morning,Coastal,Shorts,Male,Child
16,84,Sunny,21,Night,Coastal,Kurta,Male,Adult
30,46,Cloudy,12,Evening,Coastal,T-shirt,Male,Teen
14,36,Winter,6,Evening,Coastal,Sweater,Male,Child
31,53,Cloudy,29,Morning,Rural,Shorts,Female,Child
40,26,Rainy,9,Evening,Urban,Light Dress,Female,Adult
26,61,Winter,10,Day,Urban,Shirt with Jeans,Male,Senior
13,70,Rainy,7,Morning,Coastal,Sweater,Male,Child
29,75,Rainy,26,Day,Urban,Shorts,Female,Adult
27,33,Cloudy,27,Day,Rural,Kurta,Male,Teen
11,57,Winter,10,Evening,Urban,Light Jacket,Male,Senior
29,94,Winter,29,Day,Urban,Shorts,Male,Senior
7,47,Sunny,15,Night,Coastal,Sweater,Male,Senior
16,53,Sunny,24,Morning,Urban,Kurta,Female,Senior
16,96,Cloudy,32,Morning,Coastal,Kurta,Female,Child
20,43,Cloudy,27,Evening,Coastal,Shirt with Jeans,Male,Senior
30,49,Rainy,19,Night,Urban,T-shirt,Male,Adult
12,20,Sunny,8,Day,Rural,Light Jacket,Female,Child
41,23,Cloudy,9,Morning,Coastal,Light Dress,Male,Child
33,98,Winter,29,Night,Rural,Shorts,Male,Senior
24,27,Sunny,31,Morning,Coastal,Shirt with Jeans,Male,Teen
18,30,Rainy,30,Day,Coastal,Windbreaker,Male,Teen
32,49,Cloudy,4,Morning,Rural,T-shirt,Male,Senior
6,61,Cloudy,4,Night,Coastal,Light Jacket,Male,Teen
20,91,Rainy,18,Night,Urban,Raincoat,Male,Adult
30,87,Cloudy,31,Morning,Urban,Shorts,Male,Senior
17,66,Sunny,20,Night,Coastal,Dress,Male,Adult
23,91,Cloudy,25,Evening,Urban,Shirt with Jeans,Male,Teen
35,33,Rainy,18,Morning,Coastal,Light Dress,Male,Child
8,56,Rainy,14,Morning,Rural,Light Jacket,Male,Senior
15,97,Rainy,5,Day,Coastal,Hoodie,Female,Adult
9,98,Winter,30,Evening,Coastal,Hoodie,Female,Teen
21,94,Sunny,32,Evening,Rural,Shirt with Jeans,Male,Teen
23,59,Winter,19,Evening,Rural,Dress,Male,Child
13,61,Rainy,19,Evening,Rural,Light Jacket,Female,Senior
33,59,Sunny,24,Morning,Coastal,Shorts,Female,Teen
27,30,Cloudy,0,Night,Urban,Kurta,Male,Senior
28,36,Cloudy,17,Day,Rural,Kurta,Female,Adult
14,44,Cloudy,6,Morning,Coastal,Light Jacket,Male,Senior
44,30,Cloudy,2,Morning,Rural,Light Dress,Female,Teen
40,84,Winter,15,Day,Rural,Loose T-shirt,Female,Adult
24,92,Winter,31,Day,Urban,Dress,Female,Senior
23,60,Winter,13,Night,Urban,Dress,Male,Child
38,41,Rainy,39,Night,Rural,Light Dress,Male,Child
15,82,Winter,37,Morning,Urban,Hoodie,Female,Child
32,58,Rainy,4,Night,Coastal,T-shirt,Male,Adult
28,68,Cloudy,6,Evening,Rural,Kurta,Male,Senior
42,76,Cloudy,0,Night,Urban,Cotton Dress,Female,Teen
9,25,Winter,39,Day,Rural,Sweater,Male,Child
34,64,Sunny,7,Evening,Coastal,Light Dress,Male,Child
23,75,Cloudy,22,Day,Urban,Shirt with Jeans,Male,Child
35,40,Sunny,34,Day,Rural,Light Dress,Female,Teen
31,82,Rainy,13,Night,Coastal,Cotton Dress,Male,Teen
14,37,Rainy,30,Evening,Coastal,Sweater,Male,Senior
38,84,Cloudy,1,Morning,Rural,Cotton Dress,Male,Adult
35,66,Sunny,37,Day,Urban,Light Dress,Female,Child
27,95,Sunny,34,Evening,Rural,Kurta,Female,Adult
26,62,Winter,28,Night,Rural,Dress,Female,Adult
27,49,Rainy,12,Morning,Rural,Raincoat,Male,Child
23,73,Rainy,5,Night,Urban,Windbreaker,Female,Senior
24,88,Cloudy,14,Morning,Rural,Shirt with Jeans,Male,Adult
25,47,Rainy,29,Day,Coastal,Rubber Boots,Female,Teen
26,53,Cloudy,14,Day,Urban,Shirt with Jeans,Male,Teen
33,68,Rainy,7,Morning,Urban,Shorts,Female,Senior
42,29,Cloudy,13,Day,Coastal,Shorts,Male,Senior
13,22,Rainy,18,Evening,Urban,Light Jacket,Female,Child
32,60,Rainy,29,Night,Coastal,Shorts,Female,Senior
17,54,Rainy,7,Night,Coastal,Rubber Boots,Female,Teen
15,80,Rainy,40,Day,Rural,Hoodie,Male,Child
36,20,Winter,33,Evening,Coastal,Shorts,Male,Teen
23,60,Cloudy,8,Night,Rural,Shirt with Jeans,Female,Teen
28,28,Sunny,14,Morning,Rural,Kurta,Male,Senior
32,81,Cloudy,15,Day,Urban,Shorts,Male,Child
18,33,Cloudy,36,Night,Rural,Kurta,Male,Adult
13,21,Sunny,6,Morning,Urban,Light Jacket,Male,Adult
37,53,Cloudy,11,Evening,Urban,Light Dress,Female,Adult
36,88,Sunny,11,Night,Coastal,Loose T-shirt,Female,Adult
38,59,Cloudy,21,Day,Coastal,Light Dress,Female,Senior
6,78,Winter,0,Night,Rural,Light Jacket,Male,Teen
31,97,Sunny,39,Morning,Rural,Cotton Dress,Male,Teen
10,21,Winter,33,Night,Coastal,Light Jacket,Female,Child
9,61,Rainy,39,Evening,Coastal,Sweater,Female,Teen
16,82,Cloudy,19,Morning,Rural,Shirt with Jeans,Male,Teen
20,58,Cloudy,25,Morning,Urban,Dress,Male,Teen
35,26,Cloudy,37,Evening,Urban,T-shirt,Male,Teen
37,52,Winter,26,Morning,Coastal,Light Dress,Male,Adult
37,42,Rainy,19,Morning,Rural,Shorts,Male,Adult
29,52,Winter,13,Night,Urban,Light Dress,Female,Child
10,35,Cloudy,19,Night,Urban,Sweater,Male,Teen
36,51,Rainy,28,Night,Rural,Shorts,Female,Child
41,62,Rainy,5,Evening,Urban,Light Dress,Male,Senior
44,48,Sunny,6,Morning,Coastal,Light Dress,Male,Teen
18,83,Winter,32,Morning,Rural,Kurta,Female,Senior
19,72,Winter,33,Night,Coastal,Kurta,Female,Child
34,85,Winter,27,Evening,Coastal,Cotton Dress,Male,Senior
16,31,Rainy,19,Day,Rural,Raincoat,Female,Senior
33,84,Sunny,7,Evening,Coastal,Cotton Dress,Male,Teen
45,57,Rainy,1,Evening,Coastal,T-shirt,Male,Child
18,41,Rainy,30,Day,Coastal,Raincoat,Male,Senior
8,97,Rainy,38,Day,Coastal,Sweater,Male,Senior
39,33,Cloudy,26,Evening,Rural,Shorts,Male,Senior
36,97,Rainy,13,Day,Urban,Cotton Dress,Female,Adult
29,51,Sunny,10,Day,Coastal,T-shirt,Female,Teen
18,69,Winter,20,Evening,Rural,Kurta,Female,Child
28,98,Winter,23,Evening,Coastal,Shirt with Jeans,Female,Teen
35,61,Sunny,23,Day,Coastal,T-shirt,Female,Adult
26,80,Cloudy,22,Morning,Coastal,Kurta,Male,Teen
43,69,Rainy,6,Night,Rural,Shorts,Male,Adult
45,75,Cloudy,8,Day,Rural,Shorts,Female,Teen
37,31,Sunny,11,Evening,Urban,Light Dress,Female,Senior
5,87,Rainy,14,Morning,Coastal,Sweater with Jacket,Male,Teen
18,32,Sunny,19,Night,Rural,Dress,Female,Child
20,75,Sunny,26,Evening,Rural,Kurta,Female,Adult
44,76,Cloudy,29,Night,Rural,Cotton Dress,Male,Teen
43,62,Winter,7,Morning,Rural,Light Dress,Male,Adult
16,45,Rainy,29,Day,Coastal,Raincoat,Female,Senior
21,21,Rainy,6,Morning,Rural,Rubber Boots,Female,Adult
26,22,Winter,7,Day,Rural,Dress,Female,Teen
42,28,Sunny,7,Night,Coastal,T-shirt,Female,Child
22,57,Winter,33,Morning,Urban,Shirt with Jeans,Male,Senior
14,81,Cloudy,31,Day,Urban,Sweater,Female,Child
32,31,Cloudy,15,Night,Coastal,T-shirt,Male,Teen
9,24,Rainy,5,Night,Rural,Light Jacket,Male,Senior
34,22,Winter,24,Day,Urban,Shorts,Male,Teen
6,77,Sunny,29,Day,Urban,Hoodie,Female,Teen
45,96,Sunny,34,Night,Coastal,Loose T-shirt,Male,Teen
14,83,Winter,8,Evening,Rural,Sweater,Male,Adult
13,75,Rainy,21,Night,Rural,Sweater,Male,Child
16,92,Winter,37,Night,Rural,Dress,Male,Senior
10,82,Winter,21,Evening,Coastal,Hoodie,Male,Senior
6,90,Winter,27,Morning,Urban,Sweater,Male,Child
44,78,Rainy,32,Day,Coastal,Shorts,Female,Adult
25,53,Winter,36,Morning,Rural,Dress,Male,Teen
27,47,Cloudy,15,Night,Urban,Dress,Female,Teen
41,82,Sunny,14,Night,Urban,Loose T-shirt,Male,Child
24,39,Winter,36,Morning,Rural,Kurta,Female,Child
21,97,Cloudy,10,Evening,Rural,Kurta,Female,Child
12,43,Cloudy,36,Morning,Coastal,Sweater,Male,Adult
42,42,Winter,39,Morning,Rural,Shorts,Male,Adult
7,36,Winter,7,Night,Coastal,Light Jacket,Male,Child
41,47,Rainy,33,Morning,Rural,Shorts,Female,Teen
17,77,Winter,10,Night,Urban,Dress,Female,Child
42,76,Cloudy,16,Day,Rural,Shorts,Female,Teen
26,69,Rainy,1,Evening,Coastal,Raincoat,Female,Child
26,91,Winter,19,Evening,Rural,Kurta,Female,Adult
20,97,Sunny,36,Evening,Rural,Shirt with Jeans,Male,Adult
11,78,Rainy,14,Evening,Urban,Sweater,Male,Child
27,85,Rainy,37,Evening,Urban,Rubber Boots,Male,Teen
43,28,Rainy,39,Night,Urban,Light Dress,Female,Child
35,83,Winter,7,Morning,Coastal,Shorts,Female,Child
18,24,Rainy,0,Evening,Urban,Windbreaker,Female,Senior
16,100,Winter,10,Day,Coastal,Dress,Female,Adult
14,21,Cloudy,5,Day,Rural,Light Jacket,Male,Child
5,57,Sunny,29,Day,Coastal,Thermal Wear,Female,Senior
14,65,Sunny,28,Morning,Coastal,Hoodie,Male,Adult
24,29,Sunny,15,Morning,Rural,Dress,Female,Senior
11,64,Winter,24,Day,Urban,Light Jacket,Female,Child
41,91,Cloudy,3,Night,Rural,Cotton Dress,Female,Child
9,22,Rainy,7,Evening,Urban,Light Jacket,Male,Senior
23,49,Sunny,4,Morning,Coastal,Shirt with Jeans,Female,Teen
7,94,Winter,31,Evening,Coastal,Light Jacket,Female,Teen
43,34,Winter,5,Day,Coastal,T-shirt,Male,Senior
15,42,Cloudy,34,Evening,Coastal,Light Jacket,Female,Child
32,23,Winter,24,Day,Urban,Light Dress,Male,Child
37,43,Rainy,20,Night,Coastal,Light Dress,Male,Adult
5,74,Sunny,22,Night,Rural,Wool Coat,Female,Child
24,91,Winter,22,Day,Urban,Dress,Female,Adult
8,87,Cloudy,13,Day,Urban,Sweater,Male,Senior
23,56,Winter,8,Morning,Coastal,Shirt with Jeans,Male,Senior
37,71,Sunny,5,Evening,Rural,Loose T-shirt,Male,Child
43,35,Winter,5,Morning,Rural,Shorts,Male,Teen
43,58,Sunny,20,Day,Coastal,Shorts,Male,Adult
11,80,Sunny,6,Evening,Coastal,Light Jacket,Male,Child
21,21,Sunny,24,Morning,Urban,Dress,Female,Teen
39,49,Cloudy,36,Evening,Coastal,Shorts,Female,Child
30,87,Sunny,11,Morning,Urban,Cotton Dress,Female,Adult
10,34,Rainy,7,Morning,Coastal,Sweater,Male,Child
32,69,Cloudy,10,Day,Rural,Shorts,Female,Teen
20,65,Winter,0,Night,Urban,Dress,Male,Senior
45,47,Sunny,15,Morning,Urban,Light Dress,Male,Teen
20,35,Rainy,14,Evening,Urban,Raincoat,Male,Teen
27,79,Rainy,25,Day,Urban,Raincoat,Female,Adult
25,79,Cloudy,16,Evening,Urban,Dress,Male,Teen
20,85,Cloudy,2,Evening,Urban,Shirt with Jeans,Female,Teen
20,37,Rainy,14,Evening,Urban,Rubber Boots,Female,Child
37,79,Cloudy,31,Evening,Rural,Cotton Dress,Male,Child
34,94,Rainy,4,Morning,Coastal,Loose T-shirt,Female,Adult
43,63,Winter,2,Morning,Rural,Light Dress,Female,Teen
21,99,Sunny,29,Morning,Rural,Dress,Male,Teen
7,41,Winter,7,Day,Urban,Sweater,Male,Teen
29,46,Rainy,34,Evening,Coastal,Shorts,Female,Teen
7,30,Cloudy,40,Day,Coastal,Sweater,Female,Adult
34,53,Winter,30,Day,Coastal,Light Dress,Female,Child
43,83,Rainy,1,Morning,Urban,Loose T-shirt,Female,Adult
41,39,Cloudy,9,Morning,Coastal,Shorts,Female,Teen
42,46,Sunny,31,Day,Rural,Shorts,Male,Teen
7,63,Winter,19,Morning,Rural,Sweater,Male,Teen
39,64,Winter,5,Evening,Rural,T-shirt,Male,Senior
8,40,Winter,31,Morning,Coastal,Light Jacket,Female,Senior
28,80,Cloudy,5,Day,Rural,Shirt with Jeans,Female,Child
10,72,Cloudy,33,Night,Rural,Hoodie,Female,Teen
44,40,Winter,8,Evening,Rural,T-shirt,Male,Child
24,67,Winter,16,Day,Urban,Shirt with Jeans,Male,Adult
15,81,Cloudy,28,Day,Rural,Light Jacket,Male,Adult
10,51,Sunny,16,Night,Urban,Light Jacket,Male,Adult
7,43,Winter,17,Day,Rural,Sweater,Male,Senior
6,94,Winter,2,Evening,Urban,Light Jacket,Female,Child
43,65,Cloudy,1,Day,Rural,Shorts,Male,Child
16,88,Sunny,37,Morning,Rural,Dress,Male,Teen
15,72,Rainy,26,Evening,Rural,Light Jacket,Female,Child
31,58,Winter,5,Morning,Urban,Light Dress,Female,Teen
35,48,Winter,32,Morning,Urban,Light Dress,Male,Senior
35,62,Cloudy,8,Morning,Rural,T-shirt,Male,Child
43,59,Cloudy,28,Night,Urban,T-shirt,Male,Adult
37,57,Winter,5,Day,Coastal,Light Dress,Male,Child
34,55,Sunny,31,Night,Urban,T-shirt,Male,Senior
43,53,Rainy,6,Morning,Coastal,T-shirt,Female,Adult
22,59,Rainy,32,Evening,Urban,Raincoat,Female,Child
25,43,Cloudy,5,Day,Coastal,Dress,Male,Child
5,97,Sunny,23,Day,Rural,Thermal Wear,Male,Senior
30,87,Sunny,37,Evening,Urban,Cotton Dress,Male,Adult
42,66,Rainy,13,Night,Urban,Shorts,Male,Teen
39,62,Rainy,40,Morning,Urban,Shorts,Male,Adult
20,63,Cloudy,14,Morning,Rural,Kurta,Female,Teen
6,76,Rainy,10,Night,Rural,Light Jacket,Female,Teen
39,53,Winter,22,Day,Urban,Light Dress,Male,Senior
6,80,Sunny,12,Morning,Coastal,Light Jacket,Male,Teen
42,37,Winter,39,Day,Rural,Light Dress,Female,Teen
33,51,Sunny,33,Morning,Urban,T-shirt,Male,Adult
13,100,Rainy,8,Evening,Urban,Hoodie,Male,Child
20,34,Cloudy,30,Morning,Rural,Dress,Female,Teen
21,76,Rainy,6,Evening,Coastal,Windbreaker,Female,Teen
8,34,Cloudy,9,Evening,Rural,Light Jacket,Female,Child
7,43,Winter,24,Morning,Coastal,Light Jacket,Male,Senior
24,51,Winter,39,Night,Rural,Shirt with Jeans,Female,Child
33,48,Rainy,40,Evening,Rural,Light Dress,Male,Teen
23,77,Sunny,10,Morning,Rural,Shirt with Jeans,Female,Teen
37,81,Winter,34,Night,Coastal,Cotton Dress,Female,Senior
44,85,Winter,14,Day,Urban,Cotton Dress,Female,Child
41,50,Sunny,22,Night,Urban,Shorts,Female,Senior
45,65,Rainy,13,Morning,Rural,Light Dress,Male,Child
12,99,Sunny,34,Evening,Urban,Light Jacket,Male,Senior
35,65,Winter,25,Morning,Rural,Light Dress,Female,Teen
38,73,Cloudy,9,Morning,Urban,Cotton Dress,Male,Child
28,41,Cloudy,34,Morning,Coastal,Dress,Male,Senior
31,44,Winter,34,Day,Urban,T-shirt,Male,Senior
28,60,Rainy,15,Evening,Urban,Windbreaker,Male,Child
15,78,Sunny,40,Night,Rural,Sweater,Female,Adult
30,65,Rainy,30,Day,Coastal,Light Dress,Male,Adult
42,27,Rainy,24,Morning,Rural,T-shirt,Female,Teen
23,38,Sunny,31,Day,Rural,Shirt with Jeans,Male,Teen
18,100,Cloudy,12,Night,Coastal,Shirt with Jeans,Female,Senior
45,100,Sunny,4,Evening,Rural,Cotton Dress,Female,Adult
15,32,Winter,29,Night,Rural,Sweater,Male,Child
32,37,Winter,13,Evening,Rural,Shorts,Male,Teen
36,69,Winter,21,Morning,Urban,Light Dress,Female,Senior
42,94,Sunny,3,Evening,Rural,Cotton Dress,Male,Child
13,97,Rainy,39,Morning,Urban,Sweater,Female,Adult
33,70,Rainy,2,Night,Urban,T-shirt,Male,Senior
24,46,Rainy,20,Night,Coastal,Raincoat,Male,Adult
12,99,Cloudy,30,Morning,Rural,Hoodie,Male,Child
14,38,Rainy,18,Evening,Urban,Sweater,Female,Child
36,45,Sunny,31,Evening,Rural,Shorts,Male,Adult
39,24,Rainy,1,Night,Coastal,Light Dress,Female,Teen
9,38,Winter,28,Night,Coastal,Sweater,Female,Teen
7,23,Rainy,0,Evening,Rural,Light Jacket,Female,Child
35,67,Sunny,18,Morning,Coastal,Shorts,Male,Adult
11,71,Cloudy,17,Day,Rural,Light Jacket,Female,Child
16,78,Sunny,26,Evening,Coastal,Kurta,Female,Child
36,68,Cloudy,16,Day,Urban,Shorts,Male,Teen
37,68,Winter,31,Evening,Urban,Shorts,Female,Child
18,93,Cloudy,22,Day,Coastal,Kurta,Male,Senior
15,99,Rainy,19,Evening,Coastal,Light Jacket,Male,Child
45,25,Winter,18,Morning,Rural,T-shirt,Male,Teen
45,79,Cloudy,18,Evening,Urban,Shorts,Male,Child
23,76,Rainy,19,Day,Rural,Rubber Boots,Female,Teen
32,46,Cloudy,14,Day,Rural,T-shirt,Male,Teen
6,53,Sunny,32,Morning,Coastal,Sweater,Male,Teen
10,20,Rainy,0,Evening,Rural,Sweater,Male,Senior
26,62,Cloudy,26,Evening,Urban,Kurta,Male,Adult
39,38,Sunny,5,Evening,Coastal,Light Dress,Male,Senior
45,32,Sunny,25,Evening,Urban,T-shirt,Female,Senior
42,45,Winter,32,Day,Urban,Shorts,Female,Teen
24,51,Sunny,39,Night,Coastal,Dress,Male,Teen
43,55,Rainy,33,Morning,Rural,Shorts,Female,Teen
16,84,Cloudy,33,Night,Coastal,Kurta,Female,Child
36,69,Winter,0,Night,Coastal,Light Dress,Male,Teen
10,61,Winter,37,Night,Urban,Hoodie,Male,Teen
38,68,Rainy,5,Day,Urban,Light Dress,Male,Adult
24,20,Winter,1,Morning,Coastal,Kurta,Female,Child
11,89,Rainy,25,Morning,Rural,Sweater,Female,Child
34,91,Rainy,26,Day,Rural,Loose T-shirt,Female,Senior
34,45,Cloudy,2,Morning,Coastal,Shorts,Female,Teen
30,71,Rainy,12,Day,Coastal,Cotton Dress,Male,Adult
42,63,Cloudy,31,Day,Rural,T-shirt,Female,Child
39,42,Rainy,1,Morning,Coastal,Shorts,Female,Teen
36,72,Cloudy,0,Night,Urban,Shorts,Male,Child
33,82,Cloudy,3,Night,Rural,Shorts,Male,Teen
16,72,Sunny,11,Evening,Urban,Shirt with Jeans,Female,Child
7,68,Rainy,24,Morning,Urban,Light Jacket,Female,Teen
11,79,Winter,2,Night,Rural,Light Jacket,Male,Adult
44,50,Rainy,27,Evening,Rural,Light Dress,Female,Senior
7,85,Rainy,18,Evening,Urban,Light Jacket,Female,Teen
38,43,Winter,34,Night,Coastal,Light Dress,Female,Child
14,83,Sunny,21,Day,Urban,Light Jacket,Male,Teen
10,73,Sunny,7,Day,Urban,Sweater,Female,Teen
44,99,Rainy,3,Night,Urban,Shorts,Female,Adult
21,92,Rainy,14,Evening,Urban,Raincoat,Male,Child
21,97,Rainy,39,Night,Urban,Rubber Boots,Male,Adult
10,68,Cloudy,33,Day,Urban,Sweater,Female,Teen
37,87,Winter,30,Evening,Coastal,Cotton Dress,Female,Adult
45,69,Winter,11,Morning,Urban,Light Dress,Male,Teen
36,55,Sunny,35,Night,Urban,Shorts,Female,Adult
8,51,Rainy,5,Day,Rural,Light Jacket,Female,Adult
6,40,Cloudy,25,Morning,Coastal,Light Jacket,Male,Senior
6,95,Cloudy,32,Night,Coastal,Hoodie,Female,Senior
12,28,Rainy,21,Day,Urban,Hoodie,Female,Senior
25,65,Cloudy,14,Morning,Urban,Shirt with Jeans,Female,Adult
45,76,Winter,10,Morning,Rural,Shorts,Male,Senior
29,82,Rainy,20,Evening,Rural,Loose T-shirt,Male,Senior
16,36,Rainy,25,Day,Rural,Raincoat,Male,Senior
21,65,Cloudy,19,Night,Coastal,Shirt with Jeans,Male,Senior
35,77,Rainy,38,Night,Rural,Loose T-shirt,Male,Senior
14,70,Cloudy,10,Night,Rural,Sweater,Female,Teen
29,59,Rainy,30,Morning,Urban,Shorts,Male,Adult
27,54,Cloudy,39,Night,Rural,Dress,Male,Teen
33,53,Cloudy,5,Day,Urban,Shorts,Female,Adult
12,79,Winter,15,Morning,Urban,Sweater,Male,Teen
15,75,Cloudy,7,Morning,Rural,Light Jacket,Male,Teen
26,81,Sunny,6,Evening,Urban,Kurta,Male,Teen
15,29,Rainy,14,Night,Coastal,Light Jacket,Female,Teen
9,38,Cloudy,36,Day,Urban,Sweater,Male,Child
28,66,Cloudy,1,Night,Coastal,Dress,Female,Child
10,77,Cloudy,1,Night,Urban,Light Jacket,Male,Teen
7,97,Sunny,27,Evening,Rural,Light Jacket,Male,Senior
12,90,Winter,17,Morning,Urban,Sweater,Female,Child
26,97,Cloudy,20,Morning,Coastal,Dress,Male,Child
23,85,Rainy,14,Morning,Coastal,Rubber Boots,Female,Adult
39,86,Sunny,5,Morning,Coastal,Cotton Dress,Male,Adult
5,26,Sunny,27,Night,Coastal,Wool Coat,Male,Child
33,57,Cloudy,24,Morning,Urban,Light Dress,Female,Child
45,49,Winter,27,Day,Coastal,Shorts,Female,Senior
19,83,Rainy,6,Morning,Rural,Windbreaker,Male,Teen
30,52,Cloudy,18,Morning,Rural,T-shirt,Female,Adult
43,73,Rainy,23,Night,Urban,Cotton Dress,Female,Teen
13,56,Rainy,2,Night,Urban,Light Jacket,Female,Senior
19,99,Cloudy,31,Night,Urban,Dress,Male,Adult
33,24,Sunny,21,Night,Rural,T-shirt,Male,Senior
26,100,Rainy,24,Day,Urban,Raincoat,Female,Adult
33,47,Sunny,11,Morning,Coastal,Light Dress,Female,Teen
7,24,Sunny,22,Morning,Coastal,Hoodie,Female,Child
14,21,Cloudy,18,Night,Urban,Light Jacket,Male,Senior
28,48,Sunny,10,Day,Coastal,Shirt with Jeans,Female,Senior
32,21,Rainy,32,Night,Rural,T-shirt,Female,Teen
8,34,Rainy,1,Morning,Urban,Sweater,Female,Child
20,83,Rainy,38,Evening,Urban,Raincoat,Female,Child
44,41,Cloudy,15,Evening,Urban,Shorts,Male,Child
38,79,Cloudy,23,Morning,Coastal,Shorts,Male,Teen
20,23,Rainy,2,Morning,Coastal,Rubber Boots,Female,Senior
11,58,Sunny,30,Evening,Rural,Sweater,Female,Child
22,71,Cloudy,20,Evening,Rural,Dress,Male,Senior
39,71,Cloudy,37,Evening,Urban,Loose T-shirt,Female,Teen
29,67,Rainy,33,Morning,Coastal,Light Dress,Female,Adult
39,95,Cloudy,17,Night,Rural,Shorts,Male,Adult
10,79,Winter,8,Evening,Rural,Light Jacket,Male,Child
41,58,Winter,5,Night,Urban,T-shirt,Female,Child
6,39,Sunny,39,Night,Rural,Light Jacket,Female,Child
35,84,Sunny,11,Day,Urban,Cotton Dress,Female,Child
21,41,Sunny,36,Day,Urban,Kurta,Female,Child
23,47,Cloudy,6,Day,Urban,Shirt with Jeans,Female,Child
37,22,Rainy,23,Morning,Urban,Light Dress,Female,Teen
39,70,Winter,22,Evening,Coastal,Shorts,Female,Adult
7,21,Sunny,21,Day,Urban,Sweater,Female,Teen
33,77,Sunny,1,Evening,Urban,Cotton Dress,Male,Senior
36,99,Rainy,9,Evening,Rural,Cotton Dress,Male,Senior
21,57,Rainy,40,Day,Coastal,Rubber Boots,Male,Adult
7,64,Rainy,32,Morning,Rural,Hoodie,Male,Adult
16,25,Cloudy,31,Morning,Urban,Dress,Male,Senior
33,71,Cloudy,7,Morning,Urban,Shorts,Female,Adult
19,73,Cloudy,22,Night,Urban,Shirt with Jeans,Female,Senior
27,34,Sunny,4,Morning,Coastal,Dress,Female,Teen
18,81,Cloudy,24,Day,Rural,Shirt with Jeans,Male,Teen
39,40,Winter,24,Night,Urban,Light Dress,Female,Adult
45,61,Cloudy,18,Morning,Urban,Light Dress,Male,Child
40,26,Cloudy,35,Night,Urban,Light Dress,Male,Adult
28,52,Sunny,37,Night,Urban,Kurta,Male,Senior
8,25,Winter,16,Day,Coastal,Light Jacket,Male,Child
6,23,Winter,33,Morning,Coastal,Sweater,Male,Adult
14,92,Sunny,34,Night,Urban,Light Jacket,Male,Adult
39,24,Winter,25,Evening,Urban,Light Dress,Female,Senior
14,64,Rainy,39,Day,Rural,Light Jacket,Male,Senior
44,100,Cloudy,36,Evening,Urban,Shorts,Female,Senior
18,92,Winter,20,Morning,Coastal,Shirt with Jeans,Male,Adult
13,79,Rainy,3,Evening,Rural,Sweater,Female,Child
42,33,Cloudy,2,Morning,Rural,Shorts,Female,Teen
36,20,Sunny,7,Morning,Urban,Shorts,Male,Adult
12,54,Sunny,13,Morning,Urban,Light Jacket,Female,Senior
36,98,Cloudy,37,Day,Coastal,Cotton Dress,Female,Adult
29,60,Sunny,33,Day,Coastal,Shorts,Male,Senior
22,47,Rainy,11,Night,Urban,Windbreaker,Male,Teen
13,34,Winter,32,Night,Coastal,Hoodie,Male,Senior
